producto_id,nombre,categoria,temporada,coleccion,coste_unitario,precio_base
1001,Sandalia Petra,Zapatos,oi25,Mediterráneo,9.67,24.95
1002,Sandalia Flor,Zapatos,verano25,Fiesta Diciembre,20.46,52.0
1003,Zapato Sol,calzado,verano25,Noche,27.63,51.14
1004,Bolso Ona,accesorios,invierno25,Cápsula Sol,43.86,110.29
1005,Sandalia Iris,Zapatos,verano 2025,Playa Club,12.02,28.2
1006,Sandalia Ona,zapatos,verano25,Fiesta Diciembre,24.31,47.44
1007,Vestido Petra,Vestidos,verano,Urban SS25,23.05,56.84
1008,Zapato Gala,calzado,oi25,Noche,21.11,42.87
1009,Zapato Aura,Calzado,verano 2025,Invierno Cálido,36.69,85.56
1010,Zapato Riu,calzado,verano25,Playa Club,11.45,21.66
1011,Zapato Nora,Calzado,oi25,Mediterráneo,30.75,68.97
1012,Abrigo Flor,Abrigos,verano,Denim,14.37,30.56
1013,Bolso Bruma,accesorios,verano 2025,Fiesta Diciembre,17.45,40.65
1014,Abrigo Lluna,abrigo,invierno 2025,Noche,37.75,72.99
1015,Vestido Nit,vestidos,otoño invierno 2025,Cápsula Sol,12.29,27.05
1016,Vestido Lluna,vestido,ss25,Básicos,17.76,40.92
1017,Pantalón Kira,Pantalones,verano 2025,Denim,41.43,97.77
1018,Camiseta Clara,Camisetas,invierno 2025,Atelier,23.53,47.48
1019,Vestido Mar,vestido,verano25,Cápsula Sol,17.93,40.58
1020,Camiseta Clara,camiseta,invierno 2025,Playa Club,22.85,52.6
1021,Abrigo Lluna,abrigos,ss25,Invierno Cálido,7.62,16.73
1022,Pantalón Vent,pantalon,verano 2025,Básicos,12.65,32.13
1023,Abrigo Aura,abrigo,oi25,Denim,43.38,94.82
1024,Sandalia Nit,zapatos,verano 2025,Cápsula Sol,42.58,96.12
1025,Jersey Alba,Jerseis,verano,Playa Club,23.12,42.02
1026,Bolso Riu,accesorios,verano25,Denim,10.23,23.92
1027,Pantalón Nora,pantalones,invierno25,Punto & Lana,10.2,25.83
1028,Camiseta Ona,camisetas,otoño invierno 2025,Urban SS25,38.36,93.85
1029,Pantalón Alba,pantalones,verano25,Urban SS25,15.98,40.73
1030,Camiseta Kira,camiseta,verano 2025,Punto & Lana,40.78,97.83
1031,Bolso Cel,accesorios,invierno 2025,Playa Club,36.11,84.11
1032,Pantalón Bruma,Pantalones,otoño invierno 2025,Noche,42.54,84.77
1033,Vestido Mar,vestidos,verano25,Invierno Cálido,29.38,73.44
1034,Camiseta Kira,camisetas,oi25,Denim,25.53,48.89
1035,Vestido Petra,vestidos,verano 2025,Mediterráneo,10.75,23.7
1036,Zapato Gala,Calzado,ss25,Fiesta Diciembre,33.9,81.06
1037,Vestido Lluna,vestido,otoño invierno 2025,Mediterráneo,17.74,38.87
1038,Zapato Iris,calzado,verano25,Punto & Lana,6.97,15.64
1039,Zapato Flor,Calzado,verano 2025,Invierno Cálido,43.68,99.45
1040,Cinturón Nora,Complementos,verano25,Urban SS25,6.7,12.65
1041,Bolso Alba,accesorios,verano25,Denim,29.63,73.9
1042,Abrigo Flor,abrigos,verano,Punto & Lana,31.43,78.39
1043,Falda Clara,falda,verano 2025,Punto & Lana,37.85,71.32
1044,Vestido Gala,vestido,ss25,Atelier,18.1,34.66
1045,Cinturón Junio,Complementos,verano 2025,Urban SS25,10.5,19.08
1046,Vestido Vent,vestidos,verano 2025,Noche,32.55,68.84
1047,Pantalón Mila,Pantalones,invierno25,Invierno Cálido,7.7,14.98
1048,Camiseta Lluna,camisetas,otoño invierno 2025,Punto & Lana,7.92,16.62
1049,Jersey Iris,Jerseis,otoño invierno 2025,Básicos,42.07,79.06
1050,Bolso Gala,Accesorios,invierno 2025,Denim,36.4,84.23
1051,Sandalia Alba,Zapatos,otoño invierno 2025,Denim,39.45,85.62
1052,Falda Junio,Faldas,ss25,Mediterráneo,24.64,52.57
1053,Camiseta Cel,camiseta,verano,Invierno Cálido,20.8,48.85
1054,Pantalón Nit,Pantalones,invierno 2025,Fiesta Diciembre,18.81,41.92
1055,Bolso Alba,accesorio,invierno25,Urban SS25,30.68,62.3
1056,Sandalia Mila,zapatos,otoño invierno 2025,Playa Club,11.15,25.55
1057,Vestido Iris,Vestidos,ss25,Playa Club,11.36,29.16
1058,Bolso Gala,accesorio,invierno25,Punto & Lana,42.9,85.92
1059,Abrigo Mar,abrigos,otoño invierno 2025,Básicos,28.03,63.29
1060,Jersey Gala,jerséis,invierno25,Punto & Lana,25.19,57.43
1061,Cinturón Nácar,Complementos,verano 2025,Cápsula Sol,31.66,67.59
1062,Sandalia Tess,zapatos,ss25,Invierno Cálido,35.74,72.07
1063,Pantalón Junio,pantalon,verano,Punto & Lana,42.51,91.41
1064,Falda Iris,faldas,invierno25,Punto & Lana,36.43,79.54
1065,Pantalón Iris,pantalon,invierno 2025,Fiesta Diciembre,10.62,26.34
1066,Zapato Petra,calzado,otoño invierno 2025,Mediterráneo,6.48,14.02
1067,Bolso Flor,accesorio,verano,Denim,17.78,45.07
1068,Sandalia Tess,Zapatos,otoño invierno 2025,Mediterráneo,17.07,42.15
1069,Vestido Terra,Vestidos,invierno 2025,Básicos,9.53,23.99
1070,Vestido Nora,vestidos,verano 2025,Fiesta Diciembre,13.73,34.72
1071,Zapato Iris,Calzado,verano 2025,Básicos,29.63,72.33
1072,Camiseta Gala,camisetas,verano25,Cápsula Sol,42.18,101.98
1073,Zapato Mar,Calzado,verano25,Playa Club,10.87,23.95
1074,Sandalia Junio,Zapatos,invierno25,Noche,34.65,67.72
1075,Camiseta Vent,camisetas,invierno25,Invierno Cálido,8.13,18.64
1076,Vestido Mar,vestidos,invierno 2025,Noche,9.58,18.65
1077,Cinturón Terra,Complementos,oi25,Atelier,28.32,54.26
1078,Cinturón Petra,Complementos,oi25,Playa Club,31.32,79.94
1079,Vestido Nit,vestido,ss25,Punto & Lana,10.65,20.31
1080,Camiseta Vent,camisetas,verano,Invierno Cálido,30.75,65.48
1081,Falda Cel,Faldas,otoño invierno 2025,Urban SS25,7.41,15.82
1082,Jersey Riu,jerseis,otoño invierno 2025,Denim,33.38,77.39
1083,Zapato Riu,Calzado,oi25,Denim,22.83,52.53
1084,Pantalón Tess,Pantalones,invierno25,Urban SS25,41.92,92.35
1085,Jersey Mila,jersey,verano25,Playa Club,25.27,47.83
1086,Vestido Bruma,VESTIDOS,verano25,Mediterráneo,19.03,36.89
1087,Pantalón Gala,pantalones,ss25,Noche,39.41,82.67
1088,Vestido Ona,vestidos,ss25,Playa Club,43.38,112.63
1089,Sandalia Petra,zapatos,oi25,Básicos,21.13,48.87
1090,Vestido Junio,Vestidos,otoño invierno 2025,Playa Club,12.47,30.79
1091,Cinturón Kira,Complementos,invierno25,Invierno Cálido,11.52,24.87
1092,Falda Flor,faldas,otoño invierno 2025,Mediterráneo,24.3,46.67
1093,Camiseta Sol,camisetas,verano25,Urban SS25,17.39,38.12
1094,Abrigo Sol,Abrigos,verano,Atelier,38.9,89.86
1095,Zapato Iris,calzado,invierno25,Urban SS25,20.3,45.3
1096,Pantalón Nora,Pantalones,verano25,Playa Club,39.23,86.46
1097,Cinturón Ona,complementos,invierno25,Noche,25.45,56.63
1098,Vestido Terra,vestidos,oi25,Urban SS25,12.92,26.76
1099,Camiseta Flor,camisetas,otoño invierno 2025,Cápsula Sol,17.99,41.0
1100,Vestido Terra,vestido,oi25,Playa Club,44.29,101.7
1101,Jersey Clara,Jerseis,invierno 2025,Playa Club,43.57,105.68
1102,Bolso Flor,accesorios,otoño invierno 2025,Invierno Cálido,27.57,64.05
1103,Cinturón Clara,complementos,verano25,Fiesta Diciembre,35.25,73.22
1104,Vestido Nit,vestido,otoño invierno 2025,Punto & Lana,44.44,96.52
1105,Cinturón Nácar,complementos,oi25,Cápsula Sol,27.66,67.54
1106,Cinturón Ona,complementos,verano25,Mediterráneo,7.9,14.91
1107,Zapato Mila,Calzado,invierno25,Mediterráneo,34.84,85.03
1108,Vestido Mila,VESTIDOS,otoño invierno 2025,Atelier,6.18,13.67
1109,Zapato Tess,Calzado,verano 2025,Cápsula Sol,32.19,64.06
1110,Bolso Cel,accesorio,oi25,Fiesta Diciembre,29.02,61.45
1111,Camiseta Nácar,camiseta,verano25,Cápsula Sol,19.34,45.92
1112,Bolso Lluna,accesorio,verano25,Invierno Cálido,11.34,25.63
1113,Cinturón Lluna,Complementos,invierno25,Mediterráneo,41.7,91.64
1114,Vestido Mar,vestidos,verano,Denim,6.69,14.47
1115,Zapato Kira,Calzado,verano,Fiesta Diciembre,35.33,78.88
1116,Pantalón Cel,pantalon,verano25,Urban SS25,41.45,92.17
1117,Sandalia Cel,zapatos,invierno25,Mediterráneo,15.41,31.71
1118,Vestido Riu,vestido,verano25,Mediterráneo,36.89,89.53
1119,Falda Petra,Faldas,oi25,Urban SS25,37.77,95.26
1120,Sandalia Nácar,zapatos,otoño invierno 2025,Denim,31.46,80.67
1121,Jersey Kira,Jerseis,verano,Punto & Lana,10.02,18.37
1122,Camiseta Alba,camiseta,verano 2025,Atelier,18.19,33.48
1123,Vestido Petra,Vestidos,verano,Fiesta Diciembre,14.07,28.73
1124,Falda Nácar,faldas,verano,Denim,39.65,71.41
1125,Jersey Flor,jersey,verano,Noche,36.44,90.11
1126,Camiseta Nit,camisetas,verano,Punto & Lana,32.65,64.73
1127,Pantalón Nit,pantalones,verano25,Playa Club,33.75,64.81
1128,Vestido Aura,vestido,otoño invierno 2025,Mediterráneo,13.34,24.35
1129,Vestido Riu,Vestidos,ss25,Mediterráneo,29.02,71.96
1130,Vestido Junio,vestido,invierno 2025,Playa Club,36.14,89.79
1131,Camiseta Vent,camisetas,verano25,Punto & Lana,44.4,92.76
1132,Bolso Vent,accesorios,oi25,Básicos,14.44,30.77
1133,Pantalón Ona,Pantalones,verano 2025,Invierno Cálido,6.74,13.02
1134,Sandalia Cel,Zapatos,invierno25,Fiesta Diciembre,40.71,92.62
1135,Vestido Mar,VESTIDOS,otoño invierno 2025,Mediterráneo,25.78,66.86
1136,Vestido Vent,VESTIDOS,otoño invierno 2025,Urban SS25,10.95,27.57
1137,Bolso Bruma,accesorio,invierno25,Atelier,7.97,18.14
1138,Pantalón Aura,pantalon,invierno25,Atelier,29.23,58.02
1139,Bolso Riu,Accesorios,oi25,Atelier,21.45,50.24
1140,Sandalia Kira,Zapatos,invierno25,Cápsula Sol,22.35,49.43
1141,Vestido Lluna,vestidos,invierno 2025,Noche,9.67,24.29
1142,Falda Kira,faldas,ss25,Denim,12.96,25.4
1143,Bolso Nit,Accesorios,verano25,Denim,34.61,86.62
1144,Pantalón Clara,pantalon,invierno25,Cápsula Sol,36.54,82.43
1145,Vestido Gala,VESTIDOS,invierno 2025,Fiesta Diciembre,9.89,19.42
1146,Sandalia Lluna,zapatos,otoño invierno 2025,Punto & Lana,34.05,85.47
1147,Falda Riu,falda,oi25,Urban SS25,21.96,50.1
1148,Cinturón Lluna,Complementos,verano,Denim,21.37,40.71
1149,Camiseta Iris,camisetas,ss25,Mediterráneo,15.5,29.13
1150,Sandalia Mar,Zapatos,verano25,Playa Club,13.24,29.36
1151,Jersey Nit,jersey,verano,Mediterráneo,43.41,100.8
1152,Jersey Cel,Jerseis,verano 2025,Básicos,35.83,89.62
1153,Cinturón Iris,complementos,invierno 2025,Denim,8.8,16.81
1154,Pantalón Mila,pantalones,ss25,Invierno Cálido,30.05,67.13
1155,Camiseta Mila,camisetas,verano,Básicos,28.78,68.73
1156,Pantalón Nora,Pantalones,verano,Básicos,36.12,70.99
1157,Cinturón Nácar,complementos,otoño invierno 2025,Cápsula Sol,16.32,40.43
1158,Camiseta Sol,camiseta,verano,Atelier,33.7,83.61
1159,Bolso Sol,Accesorios,oi25,Cápsula Sol,15.55,30.0
1160,Cinturón Alba,complementos,invierno 2025,Denim,25.13,55.88
1161,Jersey Junio,Jerseis,verano,Denim,43.14,94.29
1162,Cinturón Mar,complementos,otoño invierno 2025,Punto & Lana,15.87,28.95
1163,Vestido Vent,vestidos,verano25,Punto & Lana,24.14,51.19
1164,Jersey Gala,jerséis,otoño invierno 2025,Básicos,34.92,75.95
1165,Vestido Iris,VESTIDOS,verano25,Urban SS25,19.35,47.13
1166,Zapato Sol,calzado,invierno 2025,Fiesta Diciembre,42.03,90.38
1167,Zapato Bruma,Calzado,otoño invierno 2025,Denim,8.42,18.24
1168,Vestido Lluna,vestido,otoño invierno 2025,Playa Club,41.95,86.22
1169,Sandalia Vent,Zapatos,oi25,Cápsula Sol,24.44,62.57
1170,Pantalón Mila,pantalon,otoño invierno 2025,Punto & Lana,7.57,16.35
1171,Bolso Alba,Accesorios,invierno25,Noche,31.74,64.81
1172,Cinturón Lluna,Complementos,oi25,Noche,27.91,66.31
1173,Jersey Terra,jerséis,verano25,Atelier,19.35,41.15
1174,Falda Petra,faldas,verano 2025,Denim,31.57,73.57
1175,Vestido Nora,VESTIDOS,verano,Básicos,39.56,79.01
1176,Zapato Junio,calzado,verano 2025,Invierno Cálido,17.06,39.92
1177,Cinturón Petra,Complementos,otoño invierno 2025,Urban SS25,43.16,98.75
1178,Camiseta Kira,camisetas,ss25,Cápsula Sol,21.59,50.7
1179,Vestido Vent,Vestidos,oi25,Punto & Lana,23.31,59.41
1180,Bolso Nit,accesorios,oi25,Cápsula Sol,30.66,63.38
1181,Camiseta Mila,camiseta,invierno 2025,Denim,44.15,105.78
1182,Sandalia Flor,zapatos,verano25,Urban SS25,15.37,35.59
1183,Pantalón Lluna,pantalones,oi25,Denim,14.54,35.66
1184,Bolso Ona,accesorio,verano 2025,Mediterráneo,37.1,91.69
1185,Vestido Lluna,Vestidos,verano25,Básicos,44.95,87.84
1186,Vestido Iris,vestidos,oi25,Fiesta Diciembre,44.25,82.12
1187,Vestido Tess,Vestidos,verano25,Playa Club,31.87,60.22
1188,Bolso Riu,accesorio,verano 2025,Playa Club,25.53,59.97
1189,Zapato Alba,calzado,invierno 2025,Mediterráneo,9.71,23.13
1190,Cinturón Flor,complementos,verano,Básicos,8.01,18.73
1191,Pantalón Gala,pantalones,invierno 2025,Fiesta Diciembre,22.25,45.77
1192,Sandalia Tess,Zapatos,verano25,Atelier,11.61,29.06
1193,Vestido Iris,vestido,otoño invierno 2025,Denim,8.06,14.51
1194,Falda Terra,Faldas,verano25,Denim,38.1,73.7
1195,Vestido Alba,vestidos,invierno 2025,Urban SS25,37.95,71.13
1196,Falda Nora,falda,ss25,Denim,25.66,61.59
1197,Jersey Sol,jersey,verano,Urban SS25,35.31,66.92
1198,Vestido Gala,vestido,verano 2025,Mediterráneo,21.54,55.84
1199,Vestido Lluna,VESTIDOS,ss25,Punto & Lana,40.13,103.55
1200,Bolso Terra,accesorio,verano 2025,Playa Club,17.27,41.24
1201,Abrigo Clara,Abrigos,invierno25,Noche,7.04,12.95
1202,Abrigo Flor,abrigo,verano,Denim,35.56,87.52
1203,Abrigo Alba,abrigos,verano,Básicos,18.28,41.15
1204,Zapato Sol,Calzado,verano 2025,Mediterráneo,40.89,94.74
1205,Camiseta Nit,Camisetas,verano25,Fiesta Diciembre,42.49,78.5
1206,Camiseta Petra,camiseta,ss25,Denim,14.35,26.97
1207,Camiseta Junio,camisetas,verano,Mediterráneo,39.55,81.33
1208,Pantalón Bruma,pantalones,verano 2025,Denim,29.81,58.56
1209,Bolso Nácar,accesorios,verano25,Invierno Cálido,10.5,24.1
1210,Vestido Gala,vestidos,invierno 2025,Básicos,26.52,68.88
1211,Vestido Iris,vestidos,verano,Playa Club,28.5,69.68
1212,Camiseta Nit,Camisetas,verano25,Playa Club,43.86,92.31
1213,Falda Cel,Faldas,ss25,Cápsula Sol,13.54,25.49
1214,Bolso Lluna,accesorios,ss25,Cápsula Sol,22.83,52.66
1215,Cinturón Cel,Complementos,verano25,Invierno Cálido,23.59,53.18
1216,Jersey Cel,jersey,invierno25,Noche,19.48,40.96
1217,Vestido Lluna,vestido,otoño invierno 2025,Punto & Lana,14.37,32.33
1218,Sandalia Iris,Zapatos,oi25,Punto & Lana,29.3,68.42
1219,Vestido Iris,Vestidos,verano25,Básicos,28.58,51.55
1220,Vestido Aura,VESTIDOS,invierno25,Mediterráneo,34.99,86.84
1221,Jersey Nora,jerseis,verano,Urban SS25,18.9,47.31
1222,Pantalón Junio,Pantalones,ss25,Cápsula Sol,36.22,79.59
1223,Jersey Mila,jerseis,invierno 2025,Invierno Cálido,13.32,30.31
1224,Bolso Gala,accesorio,verano,Noche,24.79,55.82
1225,Cinturón Ona,Complementos,ss25,Punto & Lana,22.29,42.23
1226,Bolso Cel,accesorios,verano25,Cápsula Sol,40.1,72.95
1227,Jersey Junio,jerséis,oi25,Urban SS25,32.06,67.37
1228,Abrigo Alba,abrigos,verano 2025,Punto & Lana,14.36,27.45
1229,Camiseta Iris,camiseta,verano,Playa Club,21.79,53.32
1230,Cinturón Mila,complementos,otoño invierno 2025,Punto & Lana,30.74,65.88
1231,Falda Kira,falda,otoño invierno 2025,Noche,43.39,79.5
1232,Zapato Iris,Calzado,oi25,Noche,42.5,104.97
1233,Vestido Junio,vestido,otoño invierno 2025,Punto & Lana,26.86,68.03
1234,Abrigo Iris,Abrigos,verano,Punto & Lana,43.78,89.68
1235,Camiseta Nácar,camiseta,oi25,Atelier,39.82,94.23
1236,Bolso Iris,accesorios,invierno 2025,Denim,10.95,26.68
1237,Abrigo Kira,abrigo,invierno25,Atelier,33.49,73.22
1238,Falda Lluna,Faldas,verano,Atelier,9.5,17.69
1239,Sandalia Vent,Zapatos,oi25,Fiesta Diciembre,7.37,14.19
1240,Camiseta Alba,camisetas,verano25,Noche,42.51,109.75
1241,Camiseta Iris,camiseta,verano 2025,Punto & Lana,13.61,30.69
1242,Cinturón Mar,complementos,invierno25,Invierno Cálido,37.22,85.39
1243,Bolso Nácar,accesorio,verano25,Básicos,14.81,31.85
1244,Cinturón Alba,Complementos,oi25,Básicos,13.13,27.0
1245,Zapato Sol,calzado,ss25,Invierno Cálido,34.15,66.08
1246,Cinturón Nit,Complementos,verano 2025,Urban SS25,26.26,57.94
1247,Falda Nit,faldas,verano25,Playa Club,22.45,41.61
1248,Abrigo Iris,abrigos,otoño invierno 2025,Urban SS25,44.27,96.3
1249,Bolso Gala,accesorios,verano,Invierno Cálido,31.28,75.87
1250,Falda Terra,falda,invierno25,Invierno Cálido,19.56,45.58
1251,Zapato Flor,Calzado,verano25,Urban SS25,37.67,83.05
1252,Sandalia Clara,zapatos,verano,Urban SS25,11.12,21.78
1253,Zapato Bruma,calzado,invierno25,Invierno Cálido,10.32,26.47
1254,Vestido Alba,vestido,verano 2025,Denim,40.43,97.37
1255,Zapato Nit,Calzado,verano 2025,Invierno Cálido,11.75,23.72
1256,Pantalón Petra,pantalon,otoño invierno 2025,Fiesta Diciembre,8.73,19.07
1257,Sandalia Flor,Zapatos,invierno25,Atelier,38.0,75.72
1258,Pantalón Lluna,pantalones,verano 2025,Denim,15.4,36.98
1259,Pantalón Flor,pantalones,verano,Mediterráneo,17.82,37.34
1260,Camiseta Nit,camiseta,invierno 2025,Noche,31.08,77.51
1261,Cinturón Tess,complementos,invierno25,Fiesta Diciembre,36.87,79.96
1262,Vestido Nit,Vestidos,verano 2025,Playa Club,21.89,49.35
1263,Abrigo Sol,abrigo,verano25,Cápsula Sol,36.93,91.52
1264,Cinturón Cel,Complementos,invierno 2025,Básicos,21.66,43.63
1265,Abrigo Riu,abrigo,verano25,Punto & Lana,17.56,33.99
1266,Camiseta Lluna,Camisetas,otoño invierno 2025,Invierno Cálido,38.53,90.36
1267,Camiseta Bruma,Camisetas,otoño invierno 2025,Punto & Lana,41.62,79.58
1268,Zapato Bruma,Calzado,verano25,Punto & Lana,43.62,87.75
1269,Falda Nora,Faldas,verano,Invierno Cálido,36.1,75.91
1270,Bolso Riu,Accesorios,verano 2025,Urban SS25,44.77,81.97
1271,Camiseta Nácar,Camisetas,invierno25,Invierno Cálido,21.41,51.33
1272,Pantalón Lluna,pantalones,verano 2025,Urban SS25,24.7,61.49
1273,Zapato Lluna,Calzado,invierno25,Básicos,21.73,55.17
1274,Camiseta Nácar,Camisetas,invierno25,Punto & Lana,24.26,47.56
1275,Camiseta Gala,camiseta,verano,Atelier,41.4,101.11
1276,Camiseta Junio,camiseta,verano,Denim,42.81,90.83
1277,Camiseta Aura,camiseta,verano25,Atelier,12.32,28.48
1278,Sandalia Mila,zapatos,otoño invierno 2025,Urban SS25,39.09,77.48
1279,Vestido Vent,VESTIDOS,verano25,Básicos,35.64,67.81
1280,Sandalia Flor,zapatos,invierno 2025,Punto & Lana,40.19,89.3
1281,Sandalia Bruma,zapatos,invierno 2025,Urban SS25,10.6,21.1
1282,Jersey Lluna,jerséis,invierno25,Fiesta Diciembre,36.69,92.84
1283,Camiseta Alba,Camisetas,invierno25,Atelier,13.35,32.52
1284,Cinturón Kira,complementos,invierno25,Básicos,19.73,45.59
1285,Jersey Lluna,jerseis,verano25,Urban SS25,40.15,81.39
1286,Sandalia Tess,Zapatos,oi25,Playa Club,17.75,42.89
1287,Pantalón Gala,pantalones,invierno25,Punto & Lana,6.95,13.73
1288,Sandalia Iris,zapatos,ss25,Playa Club,19.58,48.79
1289,Vestido Iris,VESTIDOS,oi25,Fiesta Diciembre,35.24,70.69
1290,Bolso Sol,accesorios,invierno25,Denim,26.72,64.75
1291,Camiseta Kira,Camisetas,verano 2025,Denim,33.69,77.77
1292,Sandalia Flor,Zapatos,ss25,Básicos,30.98,60.76
1293,Bolso Riu,Accesorios,verano25,Punto & Lana,11.5,29.65
1294,Cinturón Mar,Complementos,verano25,Fiesta Diciembre,14.26,26.69
1295,Vestido Iris,vestido,otoño invierno 2025,Mediterráneo,11.17,27.5
1296,Abrigo Tess,abrigos,invierno 2025,Noche,30.9,68.53
1297,Sandalia Nit,zapatos,verano,Básicos,12.62,30.76
1298,Camiseta Mila,camiseta,verano 2025,Invierno Cálido,18.88,44.35
1299,Bolso Cel,Accesorios,otoño invierno 2025,Atelier,14.45,33.97
1300,Cinturón Bruma,complementos,oi25,Atelier,27.62,63.46
1301,Abrigo Petra,abrigos,ss25,Denim,32.32,75.82
1302,Vestido Nácar,VESTIDOS,verano,Noche,14.67,31.58
1303,Sandalia Riu,Zapatos,otoño invierno 2025,Playa Club,35.66,77.67
1304,Jersey Nit,jerseis,invierno25,Punto & Lana,26.62,60.74
1305,Sandalia Nit,zapatos,otoño invierno 2025,Cápsula Sol,41.95,92.07
1306,Jersey Mar,Jerseis,verano25,Urban SS25,14.46,27.13
1307,Vestido Clara,Vestidos,oi25,Playa Club,7.25,16.36
1308,Vestido Terra,vestidos,verano25,Noche,18.72,43.3
1309,Falda Tess,faldas,verano25,Atelier,25.51,61.35
1310,Bolso Bruma,accesorio,verano25,Cápsula Sol,15.77,31.7
1311,Abrigo Alba,Abrigos,invierno 2025,Básicos,30.92,76.93
1312,Cinturón Gala,complementos,otoño invierno 2025,Cápsula Sol,17.82,38.35
1313,Cinturón Gala,complementos,invierno 2025,Urban SS25,16.5,33.94
1314,Abrigo Terra,abrigos,invierno25,Urban SS25,21.92,52.59
1315,Pantalón Mar,pantalon,verano,Noche,39.17,84.49
1316,Camiseta Aura,camisetas,invierno 2025,Básicos,18.34,35.61
1317,Zapato Iris,Calzado,verano,Mediterráneo,28.69,52.14
1318,Bolso Flor,accesorios,otoño invierno 2025,Atelier,23.27,43.22
1319,Bolso Mar,accesorio,verano25,Urban SS25,41.25,92.38
1320,Vestido Clara,VESTIDOS,otoño invierno 2025,Básicos,29.38,75.29
1321,Jersey Ona,jerséis,verano,Invierno Cálido,14.75,27.09
1322,Pantalón Flor,pantalon,ss25,Denim,31.12,71.21
1323,Sandalia Nácar,Zapatos,invierno 2025,Mediterráneo,24.53,56.0
1324,Camiseta Flor,camisetas,verano 2025,Urban SS25,22.14,42.98
1325,Bolso Iris,accesorio,verano25,Urban SS25,6.7,17.02
1326,Cinturón Kira,Complementos,otoño invierno 2025,Cápsula Sol,41.33,106.49
1327,Abrigo Vent,Abrigos,otoño invierno 2025,Mediterráneo,29.97,63.95
1328,Abrigo Iris,abrigo,otoño invierno 2025,Cápsula Sol,34.46,85.43
1329,Jersey Kira,jerséis,ss25,Punto & Lana,34.59,72.47
1330,Camiseta Iris,camiseta,verano 2025,Urban SS25,34.63,68.3
1331,Bolso Sol,accesorio,oi25,Invierno Cálido,30.13,76.57
1332,Camiseta Junio,camisetas,invierno25,Playa Club,9.45,22.11
1333,Pantalón Nora,pantalones,verano 2025,Invierno Cálido,17.12,35.4
1334,Bolso Flor,Accesorios,invierno25,Mediterráneo,43.17,100.18
1335,Vestido Junio,vestido,verano25,Denim,11.95,28.08
1336,Vestido Flor,Vestidos,verano,Atelier,22.16,49.14
1337,Camiseta Ona,camiseta,otoño invierno 2025,Denim,31.4,59.25
1338,Vestido Lluna,vestido,verano 2025,Denim,37.6,79.05
1339,Jersey Alba,jerseis,ss25,Urban SS25,19.45,41.57
1340,Vestido Aura,vestidos,invierno 2025,Denim,29.45,71.01
1341,Pantalón Iris,Pantalones,invierno 2025,Atelier,44.26,81.17
1342,Falda Ona,Faldas,ss25,Invierno Cálido,44.52,80.71
1343,Falda Nit,faldas,verano25,Mediterráneo,44.14,96.22
1344,Vestido Bruma,vestidos,otoño invierno 2025,Punto & Lana,25.66,48.05
1345,Falda Kira,faldas,invierno 2025,Punto & Lana,16.09,35.46
1346,Bolso Mila,accesorios,verano,Noche,21.21,47.18
1347,Cinturón Aura,complementos,verano 2025,Atelier,21.28,41.71
1348,Zapato Bruma,calzado,otoño invierno 2025,Noche,19.85,41.27
1349,Sandalia Mila,zapatos,verano,Básicos,28.31,55.8
1350,Cinturón Nit,complementos,verano,Urban SS25,10.83,21.56
1351,Sandalia Iris,zapatos,otoño invierno 2025,Fiesta Diciembre,29.65,70.22
1352,Sandalia Junio,Zapatos,verano25,Playa Club,26.25,58.45
1353,Camiseta Iris,camiseta,ss25,Mediterráneo,16.32,29.89
1354,Vestido Aura,VESTIDOS,verano 2025,Fiesta Diciembre,16.89,33.01
1355,Pantalón Cel,pantalon,verano,Denim,9.5,17.29
1356,Camiseta Iris,camisetas,invierno 2025,Denim,25.66,57.11
1357,Pantalón Mila,pantalones,invierno 2025,Invierno Cálido,40.92,87.87
1358,Sandalia Iris,Zapatos,verano25,Mediterráneo,9.68,25.12
1359,Sandalia Aura,zapatos,otoño invierno 2025,Básicos,36.04,87.92
1360,Abrigo Bruma,abrigo,verano25,Invierno Cálido,22.15,40.62
1361,Falda Flor,falda,verano,Fiesta Diciembre,40.3,81.26
1362,Bolso Alba,Accesorios,verano,Invierno Cálido,22.29,44.71
1363,Jersey Riu,jerseis,verano 2025,Urban SS25,22.12,54.4
1364,Camiseta Kira,Camisetas,invierno 2025,Playa Club,38.69,74.04
1365,Jersey Vent,jerséis,otoño invierno 2025,Denim,16.27,41.39
1366,Vestido Iris,vestido,invierno25,Atelier,29.32,71.91
1367,Vestido Terra,Vestidos,ss25,Mediterráneo,10.63,27.1
1368,Bolso Vent,accesorios,verano 2025,Básicos,34.0,73.24
1369,Vestido Flor,Vestidos,otoño invierno 2025,Invierno Cálido,40.03,87.5
1370,Cinturón Iris,Complementos,verano 2025,Urban SS25,42.95,88.12
1371,Pantalón Mar,Pantalones,verano,Denim,41.04,82.19
1372,Zapato Terra,Calzado,verano 2025,Básicos,19.22,44.67
1373,Vestido Tess,VESTIDOS,invierno 2025,Noche,11.32,23.28
1374,Pantalón Iris,Pantalones,ss25,Fiesta Diciembre,20.39,40.85
1375,Falda Terra,faldas,verano 2025,Denim,21.14,43.89
1376,Jersey Vent,Jerseis,verano25,Denim,43.68,96.86
1377,Cinturón Flor,Complementos,verano25,Cápsula Sol,33.23,86.04
1378,Falda Junio,faldas,otoño invierno 2025,Mediterráneo,35.31,77.9
1379,Sandalia Vent,Zapatos,invierno 2025,Punto & Lana,35.43,87.65
1380,Bolso Sol,accesorios,otoño invierno 2025,Cápsula Sol,39.55,91.71
1381,Falda Petra,faldas,verano 2025,Cápsula Sol,13.97,26.19
1382,Bolso Cel,Accesorios,verano25,Denim,43.91,103.92
1383,Abrigo Aura,abrigos,verano,Cápsula Sol,34.41,63.13
1384,Vestido Nora,VESTIDOS,invierno25,Denim,24.39,53.39
1385,Falda Flor,faldas,oi25,Urban SS25,29.33,73.87
1386,Cinturón Mar,Complementos,verano 2025,Mediterráneo,19.73,40.05
1387,Camiseta Iris,camisetas,verano25,Urban SS25,7.27,13.48
1388,Falda Kira,Faldas,verano 2025,Noche,14.15,27.71
1389,Abrigo Lluna,abrigo,oi25,Básicos,38.24,73.07
1390,Falda Ona,faldas,invierno25,Fiesta Diciembre,28.14,52.21
1391,Camiseta Bruma,Camisetas,otoño invierno 2025,Punto & Lana,34.23,63.43
1392,Bolso Aura,Accesorios,verano25,Denim,8.2,20.36
1393,Camiseta Gala,camiseta,ss25,Denim,25.07,55.17
1394,Cinturón Iris,complementos,otoño invierno 2025,Punto & Lana,24.63,61.8
1395,Zapato Flor,Calzado,ss25,Fiesta Diciembre,20.3,45.01
1396,Jersey Bruma,jersey,verano,Invierno Cálido,20.24,38.86
1397,Bolso Petra,accesorios,ss25,Noche,39.06,77.73
1398,Vestido Nora,Vestidos,verano 2025,Denim,44.5,81.7
1399,Sandalia Nora,zapatos,otoño invierno 2025,Denim,20.01,36.19
1400,Abrigo Mar,abrigos,verano25,Noche,10.83,24.3
1401,Abrigo Tess,abrigos,invierno 2025,Playa Club,37.43,74.78
1402,Abrigo Iris,Abrigos,verano,Playa Club,32.59,84.07
1403,Falda Nácar,faldas,ss25,Denim,15.23,33.84
1404,Vestido Mar,VESTIDOS,verano25,Básicos,35.85,67.31
1405,Cinturón Petra,Complementos,ss25,Mediterráneo,30.63,73.69
1406,Bolso Cel,Accesorios,invierno25,Playa Club,33.19,85.15
1407,Abrigo Nora,abrigos,ss25,Cápsula Sol,44.91,86.6
1408,Camiseta Riu,Camisetas,ss25,Fiesta Diciembre,7.91,16.8
1409,Abrigo Clara,Abrigos,invierno25,Urban SS25,31.02,75.45
1410,Zapato Nácar,Calzado,invierno25,Invierno Cálido,16.65,36.99
1411,Bolso Vent,accesorio,ss25,Noche,14.65,34.97
1412,Bolso Ona,accesorio,invierno25,Denim,23.4,58.3
1413,Sandalia Iris,zapatos,ss25,Denim,11.58,22.63
1414,Pantalón Sol,Pantalones,invierno 2025,Punto & Lana,10.12,20.95
1415,Bolso Gala,Accesorios,oi25,Invierno Cálido,10.32,23.6
1416,Cinturón Iris,complementos,verano,Punto & Lana,40.46,89.73
1417,Abrigo Nit,abrigo,otoño invierno 2025,Cápsula Sol,7.32,17.18
1418,Cinturón Iris,complementos,verano25,Fiesta Diciembre,42.67,108.79
1419,Jersey Flor,Jerseis,ss25,Cápsula Sol,10.66,20.01
1420,Camiseta Sol,camisetas,verano25,Mediterráneo,27.4,54.04
1421,Camiseta Terra,camiseta,ss25,Invierno Cálido,41.58,79.87
1422,Cinturón Terra,complementos,invierno 2025,Atelier,30.19,69.78
1423,Zapato Vent,Calzado,otoño invierno 2025,Punto & Lana,36.48,76.67
1424,Vestido Flor,VESTIDOS,invierno25,Mediterráneo,19.25,38.5
1425,Jersey Mar,Jerseis,oi25,Noche,18.47,37.59
1426,Abrigo Iris,abrigos,oi25,Invierno Cálido,17.12,40.3
1427,Vestido Aura,vestidos,verano,Fiesta Diciembre,30.09,70.49
1428,Sandalia Lluna,zapatos,invierno25,Denim,7.61,14.31
1429,Zapato Riu,calzado,verano25,Cápsula Sol,35.29,86.86
1430,Abrigo Mila,abrigos,invierno25,Invierno Cálido,10.77,27.37
1431,Vestido Mar,vestido,verano25,Cápsula Sol,6.15,13.26
1432,Pantalón Lluna,pantalones,verano 2025,Mediterráneo,35.94,90.37
1433,Zapato Tess,Calzado,verano 2025,Invierno Cálido,9.46,20.11
1434,Cinturón Petra,Complementos,verano25,Fiesta Diciembre,23.81,57.21
1435,Vestido Sol,vestidos,otoño invierno 2025,Invierno Cálido,31.98,66.55
1436,Bolso Nora,Accesorios,verano25,Denim,16.57,36.38
1437,Camiseta Tess,camiseta,invierno 2025,Punto & Lana,40.22,103.27
1438,Camiseta Flor,camiseta,invierno 2025,Básicos,27.85,57.76
1439,Pantalón Nit,Pantalones,verano 2025,Urban SS25,40.62,93.59
1440,Jersey Sol,jerseis,verano,Urban SS25,38.09,74.61
1441,Sandalia Mila,Zapatos,invierno 2025,Denim,17.35,43.47
1442,Sandalia Mila,Zapatos,invierno 2025,Básicos,44.73,95.55
1443,Bolso Iris,accesorio,ss25,Punto & Lana,21.38,48.16
1444,Vestido Lluna,VESTIDOS,otoño invierno 2025,Cápsula Sol,21.37,42.67
1445,Jersey Iris,jerséis,invierno 2025,Urban SS25,28.42,61.78
1446,Abrigo Nit,abrigo,verano,Playa Club,28.7,63.16
1447,Jersey Ona,Jerseis,invierno 2025,Mediterráneo,37.22,92.41
1448,Vestido Clara,vestidos,ss25,Invierno Cálido,15.31,35.78
1449,Camiseta Lluna,camiseta,invierno25,Noche,40.15,103.97
1450,Bolso Aura,accesorios,otoño invierno 2025,Playa Club,21.34,53.28
1451,Zapato Gala,Calzado,ss25,Invierno Cálido,33.67,73.22
1452,Bolso Terra,accesorios,verano 2025,Urban SS25,43.91,87.72
1453,Camiseta Sol,Camisetas,otoño invierno 2025,Punto & Lana,25.62,66.42
1454,Vestido Gala,vestido,invierno25,Punto & Lana,19.86,42.27
1455,Camiseta Junio,camisetas,invierno25,Denim,21.34,53.66
1456,Vestido Ona,Vestidos,oi25,Mediterráneo,16.61,36.01
1457,Camiseta Riu,camisetas,invierno25,Básicos,9.63,23.84
1458,Camiseta Nora,camisetas,verano25,Playa Club,14.04,27.37
1459,Jersey Clara,Jerseis,verano 2025,Mediterráneo,38.66,72.09
1460,Bolso Petra,accesorio,invierno 2025,Playa Club,32.29,71.69
1461,Zapato Cel,Calzado,verano25,Urban SS25,8.83,22.57
1462,Falda Kira,faldas,invierno25,Invierno Cálido,12.31,30.03
1463,Bolso Ona,accesorios,otoño invierno 2025,Urban SS25,31.3,69.21
1464,Camiseta Nácar,camiseta,verano 2025,Invierno Cálido,30.87,64.24
1465,Camiseta Alba,Camisetas,invierno25,Cápsula Sol,42.46,89.52
1466,Bolso Kira,Accesorios,otoño invierno 2025,Atelier,39.02,88.33
1467,Zapato Nora,Calzado,oi25,Invierno Cálido,44.93,98.58
1468,Vestido Sol,vestido,ss25,Denim,18.82,44.88
1469,Camiseta Mila,Camisetas,verano 2025,Atelier,33.05,60.55
1470,Vestido Vent,vestido,ss25,Invierno Cálido,22.95,58.26
1471,Pantalón Iris,Pantalones,ss25,Fiesta Diciembre,44.25,105.81
1472,Jersey Clara,jerseis,otoño invierno 2025,Playa Club,14.66,31.68
1473,Jersey Terra,jerseis,invierno 2025,Denim,31.34,63.19
1474,Pantalón Flor,pantalon,otoño invierno 2025,Noche,23.09,46.09
1475,Camiseta Iris,camiseta,ss25,Urban SS25,35.93,75.5
1476,Falda Cel,faldas,oi25,Noche,35.56,90.74
1477,Zapato Flor,Calzado,oi25,Mediterráneo,22.16,49.2
1478,Pantalón Nácar,pantalon,verano 2025,Fiesta Diciembre,22.01,49.42
1479,Cinturón Flor,complementos,otoño invierno 2025,Fiesta Diciembre,6.79,13.58
1480,Vestido Lluna,VESTIDOS,verano 2025,Básicos,26.63,47.96
1481,Camiseta Cel,camisetas,otoño invierno 2025,Denim,27.39,54.16
1482,Vestido Junio,vestido,verano25,Cápsula Sol,11.72,30.3
1483,Abrigo Nácar,abrigo,invierno25,Invierno Cálido,44.01,86.4
1484,Zapato Iris,Calzado,verano,Noche,11.82,30.7
1485,Pantalón Iris,Pantalones,invierno25,Urban SS25,41.99,94.66
1486,Zapato Petra,Calzado,otoño invierno 2025,Básicos,23.79,45.77
1487,Camiseta Clara,camisetas,verano25,Denim,44.98,81.23
1488,Camiseta Vent,camisetas,ss25,Básicos,32.68,74.2
1489,Pantalón Mar,pantalon,invierno25,Urban SS25,27.96,70.05
1490,Zapato Nácar,Calzado,verano,Cápsula Sol,15.54,28.11
1491,Cinturón Mar,Complementos,otoño invierno 2025,Punto & Lana,17.06,36.42
1492,Pantalón Tess,pantalon,invierno 2025,Cápsula Sol,11.99,29.03
1493,Vestido Ona,vestido,invierno 2025,Atelier,12.12,21.93
1494,Camiseta Kira,Camisetas,invierno 2025,Cápsula Sol,9.93,22.58
1495,Camiseta Bruma,Camisetas,ss25,Fiesta Diciembre,28.38,55.25
1496,Jersey Iris,jerseis,ss25,Atelier,25.72,63.16
1497,Zapato Tess,Calzado,invierno25,Urban SS25,29.93,60.54
1498,Vestido Sol,Vestidos,ss25,Invierno Cálido,8.37,18.74
1499,Camiseta Gala,camisetas,invierno25,Punto & Lana,18.07,40.46
1500,Abrigo Sol,abrigos,oi25,Básicos,44.19,83.01
1501,Bolso Clara,accesorio,ss25,Denim,9.29,22.48
1502,Abrigo Nora,abrigo,verano 2025,Invierno Cálido,17.42,43.75
1503,Sandalia Clara,zapatos,ss25,Fiesta Diciembre,42.98,80.51
1504,Pantalón Clara,pantalon,verano 2025,Denim,24.5,55.29
1505,Pantalón Mila,pantalon,verano 2025,Fiesta Diciembre,29.49,62.0
1506,Sandalia Sol,zapatos,verano 2025,Noche,44.43,105.07
1507,Abrigo Terra,Abrigos,verano 2025,Urban SS25,20.81,52.85
1508,Sandalia Kira,zapatos,oi25,Atelier,23.98,55.49
1509,Cinturón Nácar,Complementos,otoño invierno 2025,Playa Club,31.29,75.92
1510,Abrigo Junio,Abrigos,oi25,Atelier,14.41,29.05
1511,Abrigo Tess,Abrigos,verano,Básicos,20.58,44.39
1512,Falda Flor,falda,otoño invierno 2025,Mediterráneo,6.63,17.05
1513,Bolso Tess,accesorio,invierno25,Mediterráneo,19.16,43.85
1514,Abrigo Nácar,Abrigos,verano,Atelier,31.71,76.89
1515,Sandalia Flor,Zapatos,verano,Playa Club,27.33,69.29
1516,Bolso Kira,accesorios,invierno 2025,Noche,24.15,44.39
1517,Vestido Mar,vestido,verano,Básicos,43.17,84.46
1518,Cinturón Petra,Complementos,invierno 2025,Mediterráneo,18.93,43.86
1519,Camiseta Bruma,camisetas,verano25,Cápsula Sol,33.74,78.45
1520,Falda Petra,falda,ss25,Invierno Cálido,16.55,33.4
1521,Camiseta Flor,Camisetas,verano,Invierno Cálido,13.43,26.25
1522,Abrigo Iris,abrigos,otoño invierno 2025,Invierno Cálido,22.65,57.1
1523,Vestido Nora,Vestidos,otoño invierno 2025,Playa Club,38.88,71.75
1524,Sandalia Mar,zapatos,verano,Urban SS25,44.84,83.0
1525,Bolso Clara,accesorio,invierno25,Mediterráneo,39.48,76.87
1526,Vestido Nácar,vestidos,ss25,Invierno Cálido,13.26,27.39
1527,Vestido Cel,VESTIDOS,otoño invierno 2025,Playa Club,44.31,113.94
1528,Vestido Petra,vestidos,invierno25,Mediterráneo,9.75,19.02
1529,Vestido Petra,VESTIDOS,invierno25,Cápsula Sol,33.72,87.26
1530,Zapato Ona,calzado,otoño invierno 2025,Invierno Cálido,6.17,13.61
1531,Cinturón Mar,Complementos,verano,Fiesta Diciembre,8.25,15.38
1532,Sandalia Bruma,zapatos,verano25,Urban SS25,13.61,24.79
1533,Abrigo Lluna,abrigo,invierno25,Invierno Cálido,27.65,51.85
1534,Vestido Iris,Vestidos,invierno 2025,Denim,41.75,96.84
1535,Cinturón Iris,Complementos,verano,Atelier,10.27,19.27
1536,Pantalón Vent,pantalones,invierno25,Punto & Lana,11.71,28.08
1537,Pantalón Cel,pantalon,verano 2025,Mediterráneo,16.7,40.91
1538,Sandalia Gala,zapatos,ss25,Invierno Cálido,32.41,63.39
1539,Zapato Nácar,calzado,verano,Atelier,26.21,49.27
1540,Camiseta Bruma,camisetas,otoño invierno 2025,Atelier,19.85,40.84
1541,Bolso Cel,Accesorios,invierno25,Invierno Cálido,10.48,23.53
1542,Pantalón Nit,pantalones,invierno 2025,Denim,43.88,98.4
1543,Camiseta Gala,Camisetas,verano,Denim,9.96,20.39
1544,Abrigo Petra,abrigos,verano 2025,Básicos,8.8,19.2
1545,Pantalón Nora,pantalones,verano 2025,Punto & Lana,43.11,82.43
1546,Cinturón Clara,complementos,invierno25,Cápsula Sol,33.46,82.17
1547,Jersey Nácar,jersey,ss25,Punto & Lana,31.92,58.31
1548,Camiseta Terra,camisetas,verano 2025,Fiesta Diciembre,30.51,65.2
1549,Vestido Clara,vestidos,verano,Urban SS25,28.58,62.68
1550,Jersey Nit,jerseis,invierno 2025,Punto & Lana,24.69,44.97
1551,Cinturón Kira,complementos,verano,Fiesta Diciembre,34.03,62.54
1552,Vestido Iris,vestidos,otoño invierno 2025,Denim,42.4,108.1
1553,Abrigo Iris,Abrigos,ss25,Playa Club,34.76,65.4
1554,Vestido Flor,VESTIDOS,verano,Punto & Lana,33.6,82.02
1555,Abrigo Mila,abrigos,verano25,Básicos,25.75,50.94
1556,Cinturón Sol,complementos,verano,Mediterráneo,20.3,42.25
1557,Jersey Alba,jerséis,verano25,Fiesta Diciembre,19.27,47.35
1558,Vestido Petra,vestidos,otoño invierno 2025,Noche,37.03,84.12
1559,Sandalia Nácar,zapatos,verano,Playa Club,7.51,15.49
1560,Jersey Nit,jersey,oi25,Punto & Lana,32.44,75.7
1561,Pantalón Vent,pantalones,oi25,Fiesta Diciembre,18.27,37.71
1562,Zapato Flor,calzado,ss25,Noche,40.82,74.66
1563,Bolso Flor,accesorios,otoño invierno 2025,Cápsula Sol,6.4,16.21
1564,Falda Mila,faldas,verano25,Básicos,41.97,94.24
1565,Camiseta Iris,camiseta,invierno25,Punto & Lana,23.13,46.6
1566,Vestido Aura,vestido,invierno25,Cápsula Sol,34.88,88.65
1567,Vestido Terra,Vestidos,otoño invierno 2025,Playa Club,8.68,21.42
1568,Jersey Gala,jersey,invierno 2025,Invierno Cálido,26.12,52.28
1569,Jersey Junio,jerséis,otoño invierno 2025,Punto & Lana,25.94,47.82
1570,Pantalón Nora,pantalon,otoño invierno 2025,Mediterráneo,8.23,20.41
1571,Bolso Lluna,accesorio,oi25,Básicos,12.01,26.7
1572,Vestido Gala,VESTIDOS,invierno 2025,Noche,27.94,62.76
1573,Cinturón Riu,complementos,verano 2025,Básicos,18.82,38.73
1574,Vestido Mar,Vestidos,ss25,Invierno Cálido,7.58,15.85
1575,Bolso Nora,accesorios,oi25,Cápsula Sol,18.8,46.2
1576,Zapato Aura,Calzado,ss25,Mediterráneo,44.64,108.29
1577,Cinturón Gala,complementos,verano25,Mediterráneo,23.59,57.36
1578,Vestido Gala,vestido,oi25,Básicos,30.17,61.58
1579,Pantalón Flor,Pantalones,verano25,Playa Club,27.54,58.59
1580,Abrigo Tess,Abrigos,oi25,Noche,42.35,95.35
1581,Falda Riu,falda,invierno25,Fiesta Diciembre,33.3,79.91
1582,Zapato Nit,calzado,ss25,Urban SS25,28.94,52.15
1583,Bolso Gala,accesorio,ss25,Urban SS25,33.97,81.75
1584,Falda Riu,falda,verano25,Punto & Lana,6.03,13.96
1585,Sandalia Gala,zapatos,ss25,Noche,32.57,65.87
1586,Cinturón Kira,Complementos,invierno25,Atelier,41.84,100.6
1587,Abrigo Nora,Abrigos,otoño invierno 2025,Invierno Cálido,26.31,65.63
1588,Vestido Flor,Vestidos,oi25,Punto & Lana,10.23,19.67
1589,Bolso Aura,Accesorios,verano,Punto & Lana,24.47,47.26
1590,Zapato Vent,calzado,verano25,Cápsula Sol,12.02,24.56
1591,Bolso Sol,Accesorios,invierno25,Noche,18.87,41.08
1592,Jersey Mila,Jerseis,verano25,Atelier,39.68,88.98
1593,Pantalón Gala,pantalones,ss25,Mediterráneo,25.43,64.61
1594,Zapato Alba,calzado,invierno25,Urban SS25,41.28,80.4
1595,Cinturón Nit,complementos,invierno 2025,Mediterráneo,38.65,79.06
1596,Sandalia Flor,Zapatos,verano 2025,Fiesta Diciembre,18.57,39.18
1597,Bolso Iris,accesorio,oi25,Básicos,35.86,87.27
1598,Falda Gala,falda,invierno25,Fiesta Diciembre,21.23,46.44
1599,Sandalia Cel,zapatos,oi25,Mediterráneo,37.43,69.97
1600,Vestido Tess,vestido,invierno 2025,Invierno Cálido,43.1,92.69
