fecha,canal,sesiones
2025-01-01,instagram,2557.0
2025-01-01,google,1696.0
2025-01-01,email,647.0
2025-01-01,directo,687.0
2025-01-02,instagram,2297.0
2025-01-02,google,1682.0
2025-01-02,email,545.0
2025-01-02,directo,810.0
2025-01-03,instagram,2780.0
2025-01-03,google,1625.0
2025-01-03,email,598.0
2025-01-03,directo,913.0
2025-01-04,instagram,2799.0
2025-01-04,google,1703.0
2025-01-04,email,630.0
2025-01-04,directo,881.0
2025-01-05,instagram,2471.0
2025-01-05,google,1736.0
2025-01-05,email,738.0
2025-01-05,directo,842.0
2025-01-06,instagram,2569.0
2025-01-06,google,1976.0
2025-01-06,email,593.0
2025-01-06,directo,966.0
2025-01-07,instagram,3354.0
2025-01-07,google,2084.0
2025-01-07,email,833.0
2025-01-07,directo,892.0
2025-01-08,instagram,2957.0
2025-01-08,google,2349.0
2025-01-08,email,810.0
2025-01-08,directo,1227.0
2025-01-09,instagram,3364.0
2025-01-09,google,2555.0
2025-01-09,email,761.0
2025-01-09,directo,1288.0
2025-01-10,instagram,4604.0
2025-01-10,google,2303.0
2025-01-10,email,898.0
2025-01-10,directo,1349.0
2025-01-11,instagram,4926.0
2025-01-11,google,2760.0
2025-01-11,email,1019.0
2025-01-11,directo,1445.0
2025-01-12,instagram,4382.0
2025-01-12,google,3345.0
2025-01-12,email,1138.0
2025-01-12,directo,1549.0
2025-01-13,instagram,5859.0
2025-01-13,google,3052.0
2025-01-13,email,1396.0
2025-01-13,directo,1590.0
2025-01-14,instagram,
2025-01-14,google,4094.0
2025-01-14,email,1247.0
2025-01-14,directo,1638.0
2025-01-15,instagram,6087.0
2025-01-15,google,4140.0
2025-01-15,email,1493.0
2025-01-15,directo,1890.0
2025-01-16,instagram,5599.0
2025-01-16,google,3681.0
2025-01-16,email,1486.0
2025-01-16,directo,2107.0
2025-01-17,instagram,6962.0
2025-01-17,google,4666.0
2025-01-17,email,1697.0
2025-01-17,directo,2300.0
2025-01-18,instagram,6557.0
2025-01-18,google,3773.0
2025-01-18,email,1320.0
2025-01-18,directo,2144.0
2025-01-19,instagram,5987.0
2025-01-19,google,4650.0
2025-01-19,email,1661.0
2025-01-19,directo,2314.0
2025-01-20,instagram,6165.0
2025-01-20,google,4411.0
2025-01-20,email,1709.0
2025-01-20,directo,1926.0
2025-01-21,instagram,6652.0
2025-01-21,google,4031.0
2025-01-21,email,1378.0
2025-01-21,directo,1696.0
2025-01-22,instagram,6284.0
2025-01-22,google,3434.0
2025-01-22,email,1143.0
2025-01-22,directo,1893.0
2025-01-23,instagram,5014.0
2025-01-23,google,3515.0
2025-01-23,email,1267.0
2025-01-23,directo,1584.0
2025-01-24,instagram,4608.0
2025-01-24,google,3599.0
2025-01-24,email,1302.0
2025-01-24,directo,1537.0
2025-01-25,instagram,4664.0
2025-01-25,google,2605.0
2025-01-25,email,1112.0
2025-01-25,directo,1347.0
2025-01-26,instagram,3958.0
2025-01-26,google,2392.0
2025-01-26,email,905.0
2025-01-26,directo,1276.0
2025-01-27,instagram,4286.0
2025-01-27,google,2636.0
2025-01-27,email,759.0
2025-01-27,directo,1311.0
2025-01-28,instagram,3541.0
2025-01-28,google,2004.0
2025-01-28,email,
2025-01-28,directo,962.0
2025-01-29,instagram,3145.0
2025-01-29,google,1926.0
2025-01-29,email,652.0
2025-01-29,directo,1142.0
2025-01-30,instagram,2916.0
2025-01-30,google,2040.0
2025-01-30,email,653.0
2025-01-30,directo,1045.0
2025-01-31,instagram,2835.0
2025-01-31,google,1914.0
2025-01-31,email,561.0
2025-01-31,directo,950.0
2025-02-01,instagram,2519.0
2025-02-01,google,
2025-02-01,email,702.0
2025-02-01,directo,914.0
2025-02-02,instagram,2935.0
2025-02-02,google,
2025-02-02,email,
2025-02-02,directo,852.0
2025-02-03,instagram,2577.0
2025-02-03,google,1498.0
2025-02-03,email,624.0
2025-02-03,directo,718.0
2025-02-04,instagram,2691.0
2025-02-04,google,1745.0
2025-02-04,email,595.0
2025-02-04,directo,858.0
2025-02-05,instagram,2507.0
2025-02-05,google,
2025-02-05,email,527.0
2025-02-05,directo,693.0
2025-02-06,instagram,2086.0
2025-02-06,google,1623.0
2025-02-06,email,555.0
2025-02-06,directo,
2025-02-07,instagram,2361.0
2025-02-07,google,1330.0
2025-02-07,email,582.0
2025-02-07,directo,738.0
2025-02-08,instagram,2443.0
2025-02-08,google,1720.0
2025-02-08,email,522.0
2025-02-08,directo,815.0
2025-02-09,instagram,2719.0
2025-02-09,google,1362.0
2025-02-09,email,517.0
2025-02-09,directo,685.0
2025-02-10,instagram,2159.0
2025-02-10,google,1602.0
2025-02-10,email,566.0
2025-02-10,directo,650.0
2025-02-11,instagram,2728.0
2025-02-11,google,1547.0
2025-02-11,email,590.0
2025-02-11,directo,684.0
2025-02-12,instagram,2176.0
2025-02-12,google,1539.0
2025-02-12,email,536.0
2025-02-12,directo,720.0
2025-02-13,instagram,2580.0
2025-02-13,google,1721.0
2025-02-13,email,572.0
2025-02-13,directo,640.0
2025-02-14,instagram,2435.0
2025-02-14,google,1284.0
2025-02-14,email,477.0
2025-02-14,directo,750.0
2025-02-15,instagram,2673.0
2025-02-15,google,1349.0
2025-02-15,email,534.0
2025-02-15,directo,796.0
2025-02-16,instagram,2622.0
2025-02-16,google,1636.0
2025-02-16,email,536.0
2025-02-16,directo,662.0
2025-02-17,instagram,2478.0
2025-02-17,google,
2025-02-17,email,488.0
2025-02-17,directo,815.0
2025-02-18,instagram,2451.0
2025-02-18,google,1552.0
2025-02-18,email,617.0
2025-02-18,directo,795.0
2025-02-19,instagram,2267.0
2025-02-19,google,1546.0
2025-02-19,email,574.0
2025-02-19,directo,758.0
2025-02-20,instagram,2206.0
2025-02-20,google,1593.0
2025-02-20,email,567.0
2025-02-20,directo,722.0
2025-02-21,instagram,2445.0
2025-02-21,google,1607.0
2025-02-21,email,484.0
2025-02-21,directo,730.0
2025-02-22,instagram,2309.0
2025-02-22,google,1681.0
2025-02-22,email,611.0
2025-02-22,directo,644.0
2025-02-23,instagram,2197.0
2025-02-23,google,1672.0
2025-02-23,email,547.0
2025-02-23,directo,651.0
2025-02-24,instagram,2699.0
2025-02-24,google,1512.0
2025-02-24,email,612.0
2025-02-24,directo,785.0
2025-02-25,instagram,2186.0
2025-02-25,google,1483.0
2025-02-25,email,578.0
2025-02-25,directo,679.0
2025-02-26,instagram,2173.0
2025-02-26,google,1427.0
2025-02-26,email,624.0
2025-02-26,directo,718.0
2025-02-27,instagram,2337.0
2025-02-27,google,1585.0
2025-02-27,email,531.0
2025-02-27,directo,826.0
2025-02-28,instagram,2585.0
2025-02-28,google,1486.0
2025-02-28,email,474.0
2025-02-28,directo,760.0
2025-03-01,instagram,2711.0
2025-03-01,google,1312.0
2025-03-01,email,474.0
2025-03-01,directo,
2025-03-02,instagram,2157.0
2025-03-02,google,1663.0
2025-03-02,email,552.0
2025-03-02,directo,
2025-03-03,instagram,2601.0
2025-03-03,google,1371.0
2025-03-03,email,619.0
2025-03-03,directo,713.0
2025-03-04,instagram,2196.0
2025-03-04,google,1471.0
2025-03-04,email,506.0
2025-03-04,directo,721.0
2025-03-05,instagram,2113.0
2025-03-05,google,1475.0
2025-03-05,email,502.0
2025-03-05,directo,787.0
2025-03-06,instagram,2198.0
2025-03-06,google,1368.0
2025-03-06,email,584.0
2025-03-06,directo,783.0
2025-03-07,instagram,2443.0
2025-03-07,google,1379.0
2025-03-07,email,511.0
2025-03-07,directo,780.0
2025-03-08,instagram,2420.0
2025-03-08,google,1615.0
2025-03-08,email,573.0
2025-03-08,directo,743.0
2025-03-09,instagram,2147.0
2025-03-09,google,1685.0
2025-03-09,email,570.0
2025-03-09,directo,786.0
2025-03-10,instagram,2531.0
2025-03-10,google,1725.0
2025-03-10,email,513.0
2025-03-10,directo,738.0
2025-03-11,instagram,2277.0
2025-03-11,google,1467.0
2025-03-11,email,618.0
2025-03-11,directo,821.0
2025-03-12,instagram,2621.0
2025-03-12,google,1369.0
2025-03-12,email,579.0
2025-03-12,directo,752.0
2025-03-13,instagram,2334.0
2025-03-13,google,1647.0
2025-03-13,email,503.0
2025-03-13,directo,815.0
2025-03-14,instagram,2600.0
2025-03-14,google,1456.0
2025-03-14,email,554.0
2025-03-14,directo,724.0
2025-03-15,instagram,2608.0
2025-03-15,google,1342.0
2025-03-15,email,570.0
2025-03-15,directo,819.0
2025-03-16,instagram,2705.0
2025-03-16,google,1492.0
2025-03-16,email,533.0
2025-03-16,directo,
2025-03-17,instagram,2564.0
2025-03-17,google,1439.0
2025-03-17,email,539.0
2025-03-17,directo,644.0
2025-03-18,instagram,2218.0
2025-03-18,google,1315.0
2025-03-18,email,484.0
2025-03-18,directo,751.0
2025-03-19,instagram,2642.0
2025-03-19,google,1328.0
2025-03-19,email,632.0
2025-03-19,directo,779.0
2025-03-20,instagram,2520.0
2025-03-20,google,1300.0
2025-03-20,email,623.0
2025-03-20,directo,753.0
2025-03-21,instagram,2420.0
2025-03-21,google,1341.0
2025-03-21,email,546.0
2025-03-21,directo,712.0
2025-03-22,instagram,2472.0
2025-03-22,google,1520.0
2025-03-22,email,540.0
2025-03-22,directo,672.0
2025-03-23,instagram,2697.0
2025-03-23,google,1284.0
2025-03-23,email,612.0
2025-03-23,directo,702.0
2025-03-24,instagram,2326.0
2025-03-24,google,1491.0
2025-03-24,email,611.0
2025-03-24,directo,760.0
2025-03-25,instagram,2041.0
2025-03-25,google,1398.0
2025-03-25,email,468.0
2025-03-25,directo,
2025-03-26,instagram,2129.0
2025-03-26,google,1660.0
2025-03-26,email,623.0
2025-03-26,directo,799.0
2025-03-27,instagram,2554.0
2025-03-27,google,1605.0
2025-03-27,email,533.0
2025-03-27,directo,646.0
2025-03-28,instagram,2205.0
2025-03-28,google,1443.0
2025-03-28,email,537.0
2025-03-28,directo,786.0
2025-03-29,instagram,2177.0
2025-03-29,google,1393.0
2025-03-29,email,557.0
2025-03-29,directo,805.0
2025-03-30,instagram,2319.0
2025-03-30,google,1461.0
2025-03-30,email,624.0
2025-03-30,directo,846.0
2025-03-31,instagram,2331.0
2025-03-31,google,1508.0
2025-03-31,email,595.0
2025-03-31,directo,641.0
2025-04-01,instagram,2451.0
2025-04-01,google,1443.0
2025-04-01,email,503.0
2025-04-01,directo,743.0
2025-04-02,instagram,2630.0
2025-04-02,google,1694.0
2025-04-02,email,488.0
2025-04-02,directo,683.0
2025-04-03,instagram,2056.0
2025-04-03,google,1373.0
2025-04-03,email,606.0
2025-04-03,directo,655.0
2025-04-04,instagram,2089.0
2025-04-04,google,1596.0
2025-04-04,email,593.0
2025-04-04,directo,685.0
2025-04-05,instagram,2405.0
2025-04-05,google,1284.0
2025-04-05,email,547.0
2025-04-05,directo,690.0
2025-04-06,instagram,2210.0
2025-04-06,google,1613.0
2025-04-06,email,536.0
2025-04-06,directo,665.0
2025-04-07,instagram,2631.0
2025-04-07,google,1674.0
2025-04-07,email,494.0
2025-04-07,directo,776.0
2025-04-08,instagram,2500.0
2025-04-08,google,1607.0
2025-04-08,email,542.0
2025-04-08,directo,861.0
2025-04-09,instagram,2278.0
2025-04-09,google,1463.0
2025-04-09,email,492.0
2025-04-09,directo,812.0
2025-04-10,instagram,2574.0
2025-04-10,google,1441.0
2025-04-10,email,589.0
2025-04-10,directo,653.0
2025-04-11,instagram,2471.0
2025-04-11,google,
2025-04-11,email,
2025-04-11,directo,821.0
2025-04-12,instagram,2584.0
2025-04-12,google,1319.0
2025-04-12,email,486.0
2025-04-12,directo,693.0
2025-04-13,instagram,2067.0
2025-04-13,google,1336.0
2025-04-13,email,479.0
2025-04-13,directo,803.0
2025-04-14,instagram,2188.0
2025-04-14,google,1348.0
2025-04-14,email,498.0
2025-04-14,directo,789.0
2025-04-15,instagram,2263.0
2025-04-15,google,1439.0
2025-04-15,email,559.0
2025-04-15,directo,735.0
2025-04-16,instagram,2737.0
2025-04-16,google,1419.0
2025-04-16,email,540.0
2025-04-16,directo,850.0
2025-04-17,instagram,2419.0
2025-04-17,google,1525.0
2025-04-17,email,535.0
2025-04-17,directo,748.0
2025-04-18,instagram,2753.0
2025-04-18,google,1384.0
2025-04-18,email,541.0
2025-04-18,directo,697.0
2025-04-19,instagram,2662.0
2025-04-19,google,1317.0
2025-04-19,email,621.0
2025-04-19,directo,861.0
2025-04-20,instagram,2612.0
2025-04-20,google,1724.0
2025-04-20,email,535.0
2025-04-20,directo,752.0
2025-04-21,instagram,2422.0
2025-04-21,google,1545.0
2025-04-21,email,528.0
2025-04-21,directo,696.0
2025-04-22,instagram,2439.0
2025-04-22,google,1468.0
2025-04-22,email,565.0
2025-04-22,directo,815.0
2025-04-23,instagram,2231.0
2025-04-23,google,1389.0
2025-04-23,email,468.0
2025-04-23,directo,742.0
2025-04-24,instagram,2735.0
2025-04-24,google,1461.0
2025-04-24,email,481.0
2025-04-24,directo,703.0
2025-04-25,instagram,2255.0
2025-04-25,google,1314.0
2025-04-25,email,501.0
2025-04-25,directo,661.0
2025-04-26,instagram,2566.0
2025-04-26,google,1508.0
2025-04-26,email,532.0
2025-04-26,directo,747.0
2025-04-27,instagram,2373.0
2025-04-27,google,1649.0
2025-04-27,email,592.0
2025-04-27,directo,759.0
2025-04-28,instagram,2293.0
2025-04-28,google,1297.0
2025-04-28,email,611.0
2025-04-28,directo,734.0
2025-04-29,instagram,2391.0
2025-04-29,google,1704.0
2025-04-29,email,612.0
2025-04-29,directo,824.0
2025-04-30,instagram,2706.0
2025-04-30,google,1360.0
2025-04-30,email,535.0
2025-04-30,directo,775.0
2025-05-01,instagram,2552.0
2025-05-01,google,1710.0
2025-05-01,email,518.0
2025-05-01,directo,733.0
2025-05-02,instagram,
2025-05-02,google,1504.0
2025-05-02,email,507.0
2025-05-02,directo,709.0
2025-05-03,instagram,2266.0
2025-05-03,google,1401.0
2025-05-03,email,593.0
2025-05-03,directo,692.0
2025-05-04,instagram,2193.0
2025-05-04,google,1517.0
2025-05-04,email,530.0
2025-05-04,directo,725.0
2025-05-05,instagram,2544.0
2025-05-05,google,1337.0
2025-05-05,email,499.0
2025-05-05,directo,821.0
2025-05-06,instagram,2178.0
2025-05-06,google,1422.0
2025-05-06,email,570.0
2025-05-06,directo,808.0
2025-05-07,instagram,2479.0
2025-05-07,google,1456.0
2025-05-07,email,494.0
2025-05-07,directo,735.0
2025-05-08,instagram,2708.0
2025-05-08,google,1338.0
2025-05-08,email,507.0
2025-05-08,directo,677.0
2025-05-09,instagram,2121.0
2025-05-09,google,1537.0
2025-05-09,email,523.0
2025-05-09,directo,799.0
2025-05-10,instagram,2275.0
2025-05-10,google,1708.0
2025-05-10,email,618.0
2025-05-10,directo,715.0
2025-05-11,instagram,2659.0
2025-05-11,google,1533.0
2025-05-11,email,612.0
2025-05-11,directo,750.0
2025-05-12,instagram,2749.0
2025-05-12,google,1451.0
2025-05-12,email,580.0
2025-05-12,directo,763.0
2025-05-13,instagram,2241.0
2025-05-13,google,1367.0
2025-05-13,email,554.0
2025-05-13,directo,728.0
2025-05-14,instagram,2084.0
2025-05-14,google,1679.0
2025-05-14,email,532.0
2025-05-14,directo,657.0
2025-05-15,instagram,2352.0
2025-05-15,google,1398.0
2025-05-15,email,537.0
2025-05-15,directo,809.0
2025-05-16,instagram,2288.0
2025-05-16,google,1538.0
2025-05-16,email,615.0
2025-05-16,directo,746.0
2025-05-17,instagram,2300.0
2025-05-17,google,1309.0
2025-05-17,email,520.0
2025-05-17,directo,651.0
2025-05-18,instagram,2553.0
2025-05-18,google,1588.0
2025-05-18,email,537.0
2025-05-18,directo,756.0
2025-05-19,instagram,2062.0
2025-05-19,google,1585.0
2025-05-19,email,
2025-05-19,directo,753.0
2025-05-20,instagram,2111.0
2025-05-20,google,1401.0
2025-05-20,email,579.0
2025-05-20,directo,697.0
2025-05-21,instagram,2671.0
2025-05-21,google,1723.0
2025-05-21,email,546.0
2025-05-21,directo,793.0
2025-05-22,instagram,2500.0
2025-05-22,google,1648.0
2025-05-22,email,590.0
2025-05-22,directo,771.0
2025-05-23,instagram,2510.0
2025-05-23,google,1406.0
2025-05-23,email,486.0
2025-05-23,directo,779.0
2025-05-24,instagram,2185.0
2025-05-24,google,1577.0
2025-05-24,email,570.0
2025-05-24,directo,699.0
2025-05-25,instagram,2479.0
2025-05-25,google,1308.0
2025-05-25,email,622.0
2025-05-25,directo,808.0
2025-05-26,instagram,
2025-05-26,google,1319.0
2025-05-26,email,604.0
2025-05-26,directo,800.0
2025-05-27,instagram,2040.0
2025-05-27,google,1696.0
2025-05-27,email,507.0
2025-05-27,directo,687.0
2025-05-28,instagram,2049.0
2025-05-28,google,1618.0
2025-05-28,email,571.0
2025-05-28,directo,658.0
2025-05-29,instagram,2070.0
2025-05-29,google,1621.0
2025-05-29,email,548.0
2025-05-29,directo,849.0
2025-05-30,instagram,2609.0
2025-05-30,google,1544.0
2025-05-30,email,497.0
2025-05-30,directo,782.0
2025-05-31,instagram,2381.0
2025-05-31,google,1533.0
2025-05-31,email,529.0
2025-05-31,directo,844.0
2025-06-01,instagram,2596.0
2025-06-01,google,1445.0
2025-06-01,email,488.0
2025-06-01,directo,683.0
2025-06-02,instagram,2104.0
2025-06-02,google,1342.0
2025-06-02,email,560.0
2025-06-02,directo,732.0
2025-06-03,instagram,2091.0
2025-06-03,google,1413.0
2025-06-03,email,600.0
2025-06-03,directo,842.0
2025-06-04,instagram,2689.0
2025-06-04,google,1416.0
2025-06-04,email,551.0
2025-06-04,directo,862.0
2025-06-05,instagram,2482.0
2025-06-05,google,1374.0
2025-06-05,email,605.0
2025-06-05,directo,784.0
2025-06-06,instagram,2726.0
2025-06-06,google,1690.0
2025-06-06,email,612.0
2025-06-06,directo,813.0
2025-06-07,instagram,2733.0
2025-06-07,google,1502.0
2025-06-07,email,486.0
2025-06-07,directo,683.0
2025-06-08,instagram,2644.0
2025-06-08,google,1372.0
2025-06-08,email,547.0
2025-06-08,directo,679.0
2025-06-09,instagram,
2025-06-09,google,1563.0
2025-06-09,email,502.0
2025-06-09,directo,809.0
2025-06-10,instagram,2191.0
2025-06-10,google,1369.0
2025-06-10,email,528.0
2025-06-10,directo,810.0
2025-06-11,instagram,2463.0
2025-06-11,google,1399.0
2025-06-11,email,498.0
2025-06-11,directo,862.0
2025-06-12,instagram,2476.0
2025-06-12,google,1549.0
2025-06-12,email,517.0
2025-06-12,directo,791.0
2025-06-13,instagram,2115.0
2025-06-13,google,1623.0
2025-06-13,email,540.0
2025-06-13,directo,852.0
2025-06-14,instagram,2535.0
2025-06-14,google,1613.0
2025-06-14,email,615.0
2025-06-14,directo,804.0
2025-06-15,instagram,2721.0
2025-06-15,google,1597.0
2025-06-15,email,528.0
2025-06-15,directo,787.0
2025-06-16,instagram,2170.0
2025-06-16,google,1654.0
2025-06-16,email,565.0
2025-06-16,directo,709.0
2025-06-17,instagram,2231.0
2025-06-17,google,1623.0
2025-06-17,email,573.0
2025-06-17,directo,
2025-06-18,instagram,2166.0
2025-06-18,google,1712.0
2025-06-18,email,560.0
2025-06-18,directo,679.0
2025-06-19,instagram,2566.0
2025-06-19,google,1469.0
2025-06-19,email,496.0
2025-06-19,directo,724.0
2025-06-20,instagram,2160.0
2025-06-20,google,1527.0
2025-06-20,email,
2025-06-20,directo,724.0
2025-06-21,instagram,2764.0
2025-06-21,google,1594.0
2025-06-21,email,471.0
2025-06-21,directo,808.0
2025-06-22,instagram,2184.0
2025-06-22,google,
2025-06-22,email,503.0
2025-06-22,directo,677.0
2025-06-23,instagram,2419.0
2025-06-23,google,1738.0
2025-06-23,email,540.0
2025-06-23,directo,742.0
2025-06-24,instagram,2610.0
2025-06-24,google,1604.0
2025-06-24,email,
2025-06-24,directo,694.0
2025-06-25,instagram,2767.0
2025-06-25,google,1761.0
2025-06-25,email,557.0
2025-06-25,directo,884.0
2025-06-26,instagram,2269.0
2025-06-26,google,1671.0
2025-06-26,email,530.0
2025-06-26,directo,894.0
2025-06-27,instagram,2450.0
2025-06-27,google,1914.0
2025-06-27,email,576.0
2025-06-27,directo,935.0
2025-06-28,instagram,2842.0
2025-06-28,google,1629.0
2025-06-28,email,734.0
2025-06-28,directo,989.0
2025-06-29,instagram,3029.0
2025-06-29,google,1604.0
2025-06-29,email,588.0
2025-06-29,directo,1068.0
2025-06-30,instagram,3421.0
2025-06-30,google,1742.0
2025-06-30,email,784.0
2025-06-30,directo,1084.0
2025-07-01,instagram,3805.0
2025-07-01,google,2325.0
2025-07-01,email,908.0
2025-07-01,directo,1053.0
2025-07-02,instagram,4052.0
2025-07-02,google,2403.0
2025-07-02,email,832.0
2025-07-02,directo,1136.0
2025-07-03,instagram,4000.0
2025-07-03,google,2383.0
2025-07-03,email,971.0
2025-07-03,directo,1182.0
2025-07-04,instagram,4592.0
2025-07-04,google,2974.0
2025-07-04,email,1045.0
2025-07-04,directo,1433.0
2025-07-05,instagram,4937.0
2025-07-05,google,3346.0
2025-07-05,email,1128.0
2025-07-05,directo,1644.0
2025-07-06,instagram,4954.0
2025-07-06,google,3510.0
2025-07-06,email,
2025-07-06,directo,1723.0
2025-07-07,instagram,5205.0
2025-07-07,google,3166.0
2025-07-07,email,1151.0
2025-07-07,directo,1905.0
2025-07-08,instagram,5565.0
2025-07-08,google,3372.0
2025-07-08,email,1342.0
2025-07-08,directo,1856.0
2025-07-09,instagram,6365.0
2025-07-09,google,4013.0
2025-07-09,email,1372.0
2025-07-09,directo,1757.0
2025-07-10,instagram,5679.0
2025-07-10,google,
2025-07-10,email,1430.0
2025-07-10,directo,2036.0
2025-07-11,instagram,
2025-07-11,google,3935.0
2025-07-11,email,1654.0
2025-07-11,directo,2126.0
2025-07-12,instagram,7505.0
2025-07-12,google,4548.0
2025-07-12,email,1567.0
2025-07-12,directo,1993.0
2025-07-13,instagram,7455.0
2025-07-13,google,3845.0
2025-07-13,email,1666.0
2025-07-13,directo,2118.0
2025-07-14,instagram,5781.0
2025-07-14,google,4011.0
2025-07-14,email,1235.0
2025-07-14,directo,2123.0
2025-07-15,instagram,5320.0
2025-07-15,google,3132.0
2025-07-15,email,1443.0
2025-07-15,directo,1910.0
2025-07-16,instagram,5497.0
2025-07-16,google,3519.0
2025-07-16,email,1258.0
2025-07-16,directo,1699.0
2025-07-17,instagram,5018.0
2025-07-17,google,3426.0
2025-07-17,email,1035.0
2025-07-17,directo,1765.0
2025-07-18,instagram,4205.0
2025-07-18,google,2757.0
2025-07-18,email,936.0
2025-07-18,directo,1504.0
2025-07-19,instagram,4378.0
2025-07-19,google,2545.0
2025-07-19,email,1096.0
2025-07-19,directo,1269.0
2025-07-20,instagram,3617.0
2025-07-20,google,2089.0
2025-07-20,email,
2025-07-20,directo,1157.0
2025-07-21,instagram,3704.0
2025-07-21,google,1987.0
2025-07-21,email,811.0
2025-07-21,directo,1108.0
2025-07-22,instagram,3400.0
2025-07-22,google,1994.0
2025-07-22,email,772.0
2025-07-22,directo,1012.0
2025-07-23,instagram,3100.0
2025-07-23,google,2031.0
2025-07-23,email,734.0
2025-07-23,directo,797.0
2025-07-24,instagram,2935.0
2025-07-24,google,1994.0
2025-07-24,email,621.0
2025-07-24,directo,858.0
2025-07-25,instagram,2755.0
2025-07-25,google,1856.0
2025-07-25,email,695.0
2025-07-25,directo,892.0
2025-07-26,instagram,2608.0
2025-07-26,google,1803.0
2025-07-26,email,509.0
2025-07-26,directo,802.0
2025-07-27,instagram,2242.0
2025-07-27,google,1538.0
2025-07-27,email,661.0
2025-07-27,directo,716.0
2025-07-28,instagram,2155.0
2025-07-28,google,1385.0
2025-07-28,email,579.0
2025-07-28,directo,771.0
2025-07-29,instagram,2738.0
2025-07-29,google,1353.0
2025-07-29,email,505.0
2025-07-29,directo,813.0
2025-07-30,instagram,2321.0
2025-07-30,google,1665.0
2025-07-30,email,594.0
2025-07-30,directo,794.0
2025-07-31,instagram,2682.0
2025-07-31,google,1415.0
2025-07-31,email,564.0
2025-07-31,directo,738.0
2025-08-01,instagram,
2025-08-01,google,1430.0
2025-08-01,email,
2025-08-01,directo,695.0
2025-08-02,instagram,2361.0
2025-08-02,google,1619.0
2025-08-02,email,552.0
2025-08-02,directo,827.0
2025-08-03,instagram,
2025-08-03,google,1685.0
2025-08-03,email,470.0
2025-08-03,directo,839.0
2025-08-04,instagram,2061.0
2025-08-04,google,1481.0
2025-08-04,email,517.0
2025-08-04,directo,714.0
2025-08-05,instagram,2467.0
2025-08-05,google,1279.0
2025-08-05,email,573.0
2025-08-05,directo,721.0
2025-08-06,instagram,2546.0
2025-08-06,google,1381.0
2025-08-06,email,585.0
2025-08-06,directo,650.0
2025-08-07,instagram,2069.0
2025-08-07,google,1606.0
2025-08-07,email,567.0
2025-08-07,directo,647.0
2025-08-08,instagram,2094.0
2025-08-08,google,1308.0
2025-08-08,email,575.0
2025-08-08,directo,666.0
2025-08-09,instagram,2548.0
2025-08-09,google,1651.0
2025-08-09,email,546.0
2025-08-09,directo,646.0
2025-08-10,instagram,2473.0
2025-08-10,google,1382.0
2025-08-10,email,530.0
2025-08-10,directo,807.0
2025-08-11,instagram,2226.0
2025-08-11,google,1613.0
2025-08-11,email,505.0
2025-08-11,directo,681.0
2025-08-12,instagram,2444.0
2025-08-12,google,1554.0
2025-08-12,email,528.0
2025-08-12,directo,736.0
2025-08-13,instagram,2076.0
2025-08-13,google,
2025-08-13,email,630.0
2025-08-13,directo,852.0
2025-08-14,instagram,
2025-08-14,google,1681.0
2025-08-14,email,564.0
2025-08-14,directo,763.0
2025-08-15,instagram,2646.0
2025-08-15,google,1503.0
2025-08-15,email,545.0
2025-08-15,directo,861.0
2025-08-16,instagram,2446.0
2025-08-16,google,1688.0
2025-08-16,email,631.0
2025-08-16,directo,659.0
2025-08-17,instagram,2634.0
2025-08-17,google,1570.0
2025-08-17,email,615.0
2025-08-17,directo,804.0
2025-08-18,instagram,2238.0
2025-08-18,google,1596.0
2025-08-18,email,608.0
2025-08-18,directo,780.0
2025-08-19,instagram,2503.0
2025-08-19,google,1575.0
2025-08-19,email,542.0
2025-08-19,directo,776.0
2025-08-20,instagram,2246.0
2025-08-20,google,1549.0
2025-08-20,email,605.0
2025-08-20,directo,639.0
2025-08-21,instagram,2686.0
2025-08-21,google,1339.0
2025-08-21,email,521.0
2025-08-21,directo,659.0
2025-08-22,instagram,2666.0
2025-08-22,google,1355.0
2025-08-22,email,519.0
2025-08-22,directo,711.0
2025-08-23,instagram,
2025-08-23,google,1552.0
2025-08-23,email,550.0
2025-08-23,directo,712.0
2025-08-24,instagram,2063.0
2025-08-24,google,1473.0
2025-08-24,email,571.0
2025-08-24,directo,753.0
2025-08-25,instagram,2066.0
2025-08-25,google,1340.0
2025-08-25,email,558.0
2025-08-25,directo,655.0
2025-08-26,instagram,2072.0
2025-08-26,google,1480.0
2025-08-26,email,534.0
2025-08-26,directo,825.0
2025-08-27,instagram,2380.0
2025-08-27,google,1675.0
2025-08-27,email,486.0
2025-08-27,directo,642.0
2025-08-28,instagram,2048.0
2025-08-28,google,1414.0
2025-08-28,email,500.0
2025-08-28,directo,770.0
2025-08-29,instagram,2754.0
2025-08-29,google,1498.0
2025-08-29,email,612.0
2025-08-29,directo,677.0
2025-08-30,instagram,2442.0
2025-08-30,google,1509.0
2025-08-30,email,
2025-08-30,directo,712.0
2025-08-31,instagram,2047.0
2025-08-31,google,1705.0
2025-08-31,email,475.0
2025-08-31,directo,788.0
2025-09-01,instagram,2484.0
2025-09-01,google,1356.0
2025-09-01,email,532.0
2025-09-01,directo,658.0
2025-09-02,instagram,2345.0
2025-09-02,google,1602.0
2025-09-02,email,595.0
2025-09-02,directo,743.0
2025-09-03,instagram,2660.0
2025-09-03,google,1472.0
2025-09-03,email,507.0
2025-09-03,directo,743.0
2025-09-04,instagram,
2025-09-04,google,1632.0
2025-09-04,email,478.0
2025-09-04,directo,704.0
2025-09-05,instagram,2752.0
2025-09-05,google,1533.0
2025-09-05,email,624.0
2025-09-05,directo,695.0
2025-09-06,instagram,2138.0
2025-09-06,google,1564.0
2025-09-06,email,572.0
2025-09-06,directo,804.0
2025-09-07,instagram,2181.0
2025-09-07,google,1525.0
2025-09-07,email,535.0
2025-09-07,directo,819.0
2025-09-08,instagram,2683.0
2025-09-08,google,1279.0
2025-09-08,email,539.0
2025-09-08,directo,802.0
2025-09-09,instagram,2561.0
2025-09-09,google,1681.0
2025-09-09,email,590.0
2025-09-09,directo,658.0
2025-09-10,instagram,2550.0
2025-09-10,google,1388.0
2025-09-10,email,600.0
2025-09-10,directo,783.0
2025-09-11,instagram,2110.0
2025-09-11,google,1331.0
2025-09-11,email,587.0
2025-09-11,directo,732.0
2025-09-12,instagram,2423.0
2025-09-12,google,1388.0
2025-09-12,email,
2025-09-12,directo,644.0
2025-09-13,instagram,2673.0
2025-09-13,google,1669.0
2025-09-13,email,622.0
2025-09-13,directo,861.0
2025-09-14,instagram,2626.0
2025-09-14,google,1505.0
2025-09-14,email,600.0
2025-09-14,directo,817.0
2025-09-15,instagram,2559.0
2025-09-15,google,1562.0
2025-09-15,email,558.0
2025-09-15,directo,720.0
2025-09-16,instagram,2575.0
2025-09-16,google,1638.0
2025-09-16,email,616.0
2025-09-16,directo,669.0
2025-09-17,instagram,2251.0
2025-09-17,google,1516.0
2025-09-17,email,541.0
2025-09-17,directo,804.0
2025-09-18,instagram,2078.0
2025-09-18,google,
2025-09-18,email,612.0
2025-09-18,directo,760.0
2025-09-19,instagram,2646.0
2025-09-19,google,1541.0
2025-09-19,email,552.0
2025-09-19,directo,729.0
2025-09-20,instagram,2707.0
2025-09-20,google,1722.0
2025-09-20,email,629.0
2025-09-20,directo,703.0
2025-09-21,instagram,2608.0
2025-09-21,google,1373.0
2025-09-21,email,621.0
2025-09-21,directo,684.0
2025-09-22,instagram,2425.0
2025-09-22,google,1468.0
2025-09-22,email,560.0
2025-09-22,directo,750.0
2025-09-23,instagram,2345.0
2025-09-23,google,1407.0
2025-09-23,email,583.0
2025-09-23,directo,669.0
2025-09-24,instagram,2431.0
2025-09-24,google,1724.0
2025-09-24,email,499.0
2025-09-24,directo,715.0
2025-09-25,instagram,2090.0
2025-09-25,google,1633.0
2025-09-25,email,522.0
2025-09-25,directo,828.0
2025-09-26,instagram,2382.0
2025-09-26,google,1284.0
2025-09-26,email,542.0
2025-09-26,directo,674.0
2025-09-27,instagram,2125.0
2025-09-27,google,1358.0
2025-09-27,email,567.0
2025-09-27,directo,668.0
2025-09-28,instagram,2632.0
2025-09-28,google,1657.0
2025-09-28,email,476.0
2025-09-28,directo,672.0
2025-09-29,instagram,2477.0
2025-09-29,google,1707.0
2025-09-29,email,484.0
2025-09-29,directo,652.0
2025-09-30,instagram,2472.0
2025-09-30,google,1709.0
2025-09-30,email,625.0
2025-09-30,directo,656.0
2025-10-01,instagram,2391.0
2025-10-01,google,1520.0
2025-10-01,email,628.0
2025-10-01,directo,687.0
2025-10-02,instagram,2730.0
2025-10-02,google,1388.0
2025-10-02,email,501.0
2025-10-02,directo,832.0
2025-10-03,instagram,2428.0
2025-10-03,google,1642.0
2025-10-03,email,603.0
2025-10-03,directo,668.0
2025-10-04,instagram,2565.0
2025-10-04,google,1365.0
2025-10-04,email,487.0
2025-10-04,directo,651.0
2025-10-05,instagram,2130.0
2025-10-05,google,1445.0
2025-10-05,email,594.0
2025-10-05,directo,727.0
2025-10-06,instagram,2730.0
2025-10-06,google,1291.0
2025-10-06,email,547.0
2025-10-06,directo,704.0
2025-10-07,instagram,2303.0
2025-10-07,google,1688.0
2025-10-07,email,524.0
2025-10-07,directo,651.0
2025-10-08,instagram,2044.0
2025-10-08,google,1675.0
2025-10-08,email,592.0
2025-10-08,directo,773.0
2025-10-09,instagram,2616.0
2025-10-09,google,1510.0
2025-10-09,email,
2025-10-09,directo,752.0
2025-10-10,instagram,2059.0
2025-10-10,google,1524.0
2025-10-10,email,494.0
2025-10-10,directo,848.0
2025-10-11,instagram,2369.0
2025-10-11,google,1423.0
2025-10-11,email,613.0
2025-10-11,directo,760.0
2025-10-12,instagram,2177.0
2025-10-12,google,1710.0
2025-10-12,email,588.0
2025-10-12,directo,811.0
2025-10-13,instagram,2753.0
2025-10-13,google,1354.0
2025-10-13,email,548.0
2025-10-13,directo,702.0
2025-10-14,instagram,2356.0
2025-10-14,google,1693.0
2025-10-14,email,574.0
2025-10-14,directo,735.0
2025-10-15,instagram,2489.0
2025-10-15,google,1462.0
2025-10-15,email,490.0
2025-10-15,directo,812.0
2025-10-16,instagram,2130.0
2025-10-16,google,1623.0
2025-10-16,email,630.0
2025-10-16,directo,836.0
2025-10-17,instagram,2128.0
2025-10-17,google,1386.0
2025-10-17,email,587.0
2025-10-17,directo,805.0
2025-10-18,instagram,2654.0
2025-10-18,google,1411.0
2025-10-18,email,513.0
2025-10-18,directo,667.0
2025-10-19,instagram,2703.0
2025-10-19,google,1315.0
2025-10-19,email,538.0
2025-10-19,directo,808.0
2025-10-20,instagram,2096.0
2025-10-20,google,1715.0
2025-10-20,email,572.0
2025-10-20,directo,823.0
2025-10-21,instagram,2340.0
2025-10-21,google,1292.0
2025-10-21,email,541.0
2025-10-21,directo,680.0
2025-10-22,instagram,2742.0
2025-10-22,google,1499.0
2025-10-22,email,535.0
2025-10-22,directo,732.0
2025-10-23,instagram,2162.0
2025-10-23,google,1725.0
2025-10-23,email,593.0
2025-10-23,directo,645.0
2025-10-24,instagram,2352.0
2025-10-24,google,1371.0
2025-10-24,email,597.0
2025-10-24,directo,773.0
2025-10-25,instagram,2128.0
2025-10-25,google,1434.0
2025-10-25,email,553.0
2025-10-25,directo,748.0
2025-10-26,instagram,2649.0
2025-10-26,google,1563.0
2025-10-26,email,556.0
2025-10-26,directo,748.0
2025-10-27,instagram,2252.0
2025-10-27,google,1713.0
2025-10-27,email,535.0
2025-10-27,directo,832.0
2025-10-28,instagram,2694.0
2025-10-28,google,1285.0
2025-10-28,email,496.0
2025-10-28,directo,706.0
2025-10-29,instagram,2056.0
2025-10-29,google,1640.0
2025-10-29,email,538.0
2025-10-29,directo,662.0
2025-10-30,instagram,2279.0
2025-10-30,google,1489.0
2025-10-30,email,477.0
2025-10-30,directo,759.0
2025-10-31,instagram,2169.0
2025-10-31,google,1380.0
2025-10-31,email,574.0
2025-10-31,directo,768.0
2025-11-01,instagram,2630.0
2025-11-01,google,1528.0
2025-11-01,email,568.0
2025-11-01,directo,662.0
2025-11-02,instagram,2209.0
2025-11-02,google,1677.0
2025-11-02,email,540.0
2025-11-02,directo,801.0
2025-11-03,instagram,2542.0
2025-11-03,google,1403.0
2025-11-03,email,507.0
2025-11-03,directo,794.0
2025-11-04,instagram,2271.0
2025-11-04,google,1304.0
2025-11-04,email,550.0
2025-11-04,directo,852.0
2025-11-05,instagram,2518.0
2025-11-05,google,1686.0
2025-11-05,email,507.0
2025-11-05,directo,844.0
2025-11-06,instagram,
2025-11-06,google,1435.0
2025-11-06,email,525.0
2025-11-06,directo,805.0
2025-11-07,instagram,2182.0
2025-11-07,google,1639.0
2025-11-07,email,556.0
2025-11-07,directo,706.0
2025-11-08,instagram,2682.0
2025-11-08,google,1326.0
2025-11-08,email,513.0
2025-11-08,directo,750.0
2025-11-09,instagram,2726.0
2025-11-09,google,
2025-11-09,email,482.0
2025-11-09,directo,677.0
2025-11-10,instagram,2335.0
2025-11-10,google,1504.0
2025-11-10,email,475.0
2025-11-10,directo,813.0
2025-11-11,instagram,2566.0
2025-11-11,google,1422.0
2025-11-11,email,621.0
2025-11-11,directo,856.0
2025-11-12,instagram,2375.0
2025-11-12,google,1330.0
2025-11-12,email,561.0
2025-11-12,directo,655.0
2025-11-13,instagram,2259.0
2025-11-13,google,1347.0
2025-11-13,email,484.0
2025-11-13,directo,789.0
2025-11-14,instagram,2608.0
2025-11-14,google,1434.0
2025-11-14,email,598.0
2025-11-14,directo,
2025-11-15,instagram,2523.0
2025-11-15,google,1539.0
2025-11-15,email,559.0
2025-11-15,directo,731.0
2025-11-16,instagram,2464.0
2025-11-16,google,1925.0
2025-11-16,email,543.0
2025-11-16,directo,794.0
2025-11-17,instagram,3065.0
2025-11-17,google,1567.0
2025-11-17,email,598.0
2025-11-17,directo,822.0
2025-11-18,instagram,3035.0
2025-11-18,google,1691.0
2025-11-18,email,591.0
2025-11-18,directo,1041.0
2025-11-19,instagram,3245.0
2025-11-19,google,1743.0
2025-11-19,email,643.0
2025-11-19,directo,968.0
2025-11-20,instagram,3274.0
2025-11-20,google,1916.0
2025-11-20,email,735.0
2025-11-20,directo,1248.0
2025-11-21,instagram,3441.0
2025-11-21,google,2125.0
2025-11-21,email,981.0
2025-11-21,directo,1208.0
2025-11-22,instagram,3877.0
2025-11-22,google,2431.0
2025-11-22,email,995.0
2025-11-22,directo,1237.0
2025-11-23,instagram,4586.0
2025-11-23,google,3114.0
2025-11-23,email,1112.0
2025-11-23,directo,1251.0
2025-11-24,instagram,4461.0
2025-11-24,google,2972.0
2025-11-24,email,1265.0
2025-11-24,directo,1601.0
2025-11-25,instagram,4987.0
2025-11-25,google,3570.0
2025-11-25,email,1084.0
2025-11-25,directo,1451.0
2025-11-26,instagram,6556.0
2025-11-26,google,3343.0
2025-11-26,email,1321.0
2025-11-26,directo,2100.0
2025-11-27,instagram,6010.0
2025-11-27,google,4420.0
2025-11-27,email,1311.0
2025-11-27,directo,2213.0
2025-11-28,instagram,6022.0
2025-11-28,google,3890.0
2025-11-28,email,1604.0
2025-11-28,directo,2275.0
2025-11-29,instagram,7245.0
2025-11-29,google,4618.0
2025-11-29,email,1643.0
2025-11-29,directo,2231.0
2025-11-30,instagram,6241.0
2025-11-30,google,4577.0
2025-11-30,email,1383.0
2025-11-30,directo,1868.0
2025-12-01,instagram,7389.0
2025-12-01,google,4488.0
2025-12-01,email,1743.0
2025-12-01,directo,2364.0
2025-12-02,instagram,6568.0
2025-12-02,google,4328.0
2025-12-02,email,1657.0
2025-12-02,directo,2300.0
2025-12-03,instagram,6069.0
2025-12-03,google,
2025-12-03,email,1568.0
2025-12-03,directo,1883.0
2025-12-04,instagram,5707.0
2025-12-04,google,4040.0
2025-12-04,email,1626.0
2025-12-04,directo,2068.0
2025-12-05,instagram,5209.0
2025-12-05,google,3638.0
2025-12-05,email,1384.0
2025-12-05,directo,1716.0
2025-12-06,instagram,6529.0
2025-12-06,google,3569.0
2025-12-06,email,1296.0
2025-12-06,directo,1917.0
2025-12-07,instagram,
2025-12-07,google,3563.0
2025-12-07,email,1382.0
2025-12-07,directo,1751.0
2025-12-08,instagram,5446.0
2025-12-08,google,3504.0
2025-12-08,email,1125.0
2025-12-08,directo,1548.0
2025-12-09,instagram,5185.0
2025-12-09,google,
2025-12-09,email,1436.0
2025-12-09,directo,1539.0
2025-12-10,instagram,5314.0
2025-12-10,google,3489.0
2025-12-10,email,1425.0
2025-12-10,directo,1970.0
2025-12-11,instagram,5349.0
2025-12-11,google,3388.0
2025-12-11,email,1284.0
2025-12-11,directo,1993.0
2025-12-12,instagram,6358.0
2025-12-12,google,3571.0
2025-12-12,email,1450.0
2025-12-12,directo,1959.0
2025-12-13,instagram,5801.0
2025-12-13,google,4504.0
2025-12-13,email,1294.0
2025-12-13,directo,1951.0
2025-12-14,instagram,6052.0
2025-12-14,google,3663.0
2025-12-14,email,1561.0
2025-12-14,directo,
2025-12-15,instagram,7644.0
2025-12-15,google,3744.0
2025-12-15,email,1308.0
2025-12-15,directo,1882.0
2025-12-16,instagram,5843.0
2025-12-16,google,4625.0
2025-12-16,email,1363.0
2025-12-16,directo,2219.0
2025-12-17,instagram,7642.0
2025-12-17,google,4239.0
2025-12-17,email,1428.0
2025-12-17,directo,2345.0
2025-12-18,instagram,7574.0
2025-12-18,google,3749.0
2025-12-18,email,1633.0
2025-12-18,directo,1800.0
2025-12-19,instagram,6217.0
2025-12-19,google,4565.0
2025-12-19,email,1358.0
2025-12-19,directo,
2025-12-20,instagram,5619.0
2025-12-20,google,3842.0
2025-12-20,email,1542.0
2025-12-20,directo,2113.0
2025-12-21,instagram,6424.0
2025-12-21,google,4008.0
2025-12-21,email,1302.0
2025-12-21,directo,1934.0
2025-12-22,instagram,5831.0
2025-12-22,google,3717.0
2025-12-22,email,
2025-12-22,directo,1943.0
2025-12-23,instagram,4337.0
2025-12-23,google,2687.0
2025-12-23,email,1322.0
2025-12-23,directo,1712.0
2025-12-24,instagram,4556.0
2025-12-24,google,2673.0
2025-12-24,email,894.0
2025-12-24,directo,1398.0
2025-12-25,instagram,4481.0
2025-12-25,google,2700.0
2025-12-25,email,1079.0
2025-12-25,directo,1386.0
2025-12-26,instagram,
2025-12-26,google,2053.0
2025-12-26,email,844.0
2025-12-26,directo,1361.0
2025-12-27,instagram,3279.0
2025-12-27,google,2048.0
2025-12-27,email,773.0
2025-12-27,directo,1005.0
2025-12-28,instagram,
2025-12-28,google,1834.0
2025-12-28,email,661.0
2025-12-28,directo,1003.0
2025-12-29,instagram,3426.0
2025-12-29,google,1904.0
2025-12-29,email,636.0
2025-12-29,directo,810.0
2025-12-30,instagram,2443.0
2025-12-30,google,1546.0
2025-12-30,email,711.0
2025-12-30,directo,796.0
2025-12-31,instagram,2420.0
2025-12-31,google,1737.0
2025-12-31,email,594.0
2025-12-31,directo,854.0
